timestamp,flare_prob,goes_class,fl_location,flare_start
2011/02/15/HMI.m2011.02.15_00.00.00.jpg,0.7600009441375732,X2.2,"(15.115929105638052, -21)",2011-02-15 01:44:00
2011/02/15/HMI.m2011.02.15_01.00.00.jpg,0.859174370765686,X2.2,"(15.115929105638052, -21)",2011-02-15 01:44:00
2011/03/09/HMI.m2011.03.09_00.00.00.jpg,0.8875701427459717,X1.5,"(9, 8)",2011-03-09 23:13:00
2011/03/09/HMI.m2011.03.09_01.00.00.jpg,0.820540189743042,X1.5,"(9, 8)",2011-03-09 23:13:00
2011/03/09/HMI.m2011.03.09_02.00.00.jpg,0.8449962139129639,X1.5,"(9, 8)",2011-03-09 23:13:00
2011/03/09/HMI.m2011.03.09_03.00.00.jpg,0.8095788955688477,X1.5,"(9, 8)",2011-03-09 23:13:00
2011/03/09/HMI.m2011.03.09_04.00.00.jpg,0.8447414040565491,X1.5,"(9, 8)",2011-03-09 23:13:00
2011/03/09/HMI.m2011.03.09_05.00.00.jpg,0.8774436712265015,X1.5,"(9, 8)",2011-03-09 23:13:00
2011/03/09/HMI.m2011.03.09_06.00.00.jpg,0.8561254143714905,X1.5,"(9, 8)",2011-03-09 23:13:00
2011/03/09/HMI.m2011.03.09_07.00.00.jpg,0.8574070334434509,X1.5,"(9, 8)",2011-03-09 23:13:00
2011/03/09/HMI.m2011.03.09_08.00.00.jpg,0.8447225093841553,X1.5,"(9, 8)",2011-03-09 23:13:00
2011/03/09/HMI.m2011.03.09_09.00.00.jpg,0.849591851234436,X1.5,"(9, 8)",2011-03-09 23:13:00
2011/03/09/HMI.m2011.03.09_10.00.00.jpg,0.7985243201255798,X1.5,"(9, 8)",2011-03-09 23:13:00
2011/03/09/HMI.m2011.03.09_11.00.00.jpg,0.8715580105781555,X1.5,"(9, 8)",2011-03-09 23:13:00
2011/03/09/HMI.m2011.03.09_12.00.00.jpg,0.7970719337463379,X1.5,"(9, 8)",2011-03-09 23:13:00
2011/03/09/HMI.m2011.03.09_13.00.00.jpg,0.8192850351333618,X1.5,"(9, 8)",2011-03-09 23:13:00
2011/03/09/HMI.m2011.03.09_14.00.00.jpg,0.8122091293334961,X1.5,"(9, 8)",2011-03-09 23:13:00
2011/03/09/HMI.m2011.03.09_15.00.00.jpg,0.8123223781585693,X1.5,"(9, 8)",2011-03-09 23:13:00
2011/03/09/HMI.m2011.03.09_16.00.00.jpg,0.8631684184074402,X1.5,"(9, 8)",2011-03-09 23:13:00
2011/03/09/HMI.m2011.03.09_17.00.00.jpg,0.8693034648895264,X1.5,"(9, 8)",2011-03-09 23:13:00
2011/03/09/HMI.m2011.03.09_18.00.00.jpg,0.8316881656646729,X1.5,"(9, 8)",2011-03-09 23:13:00
2011/03/09/HMI.m2011.03.09_19.00.00.jpg,0.8099709749221802,X1.5,"(9, 8)",2011-03-09 23:13:00
2011/03/09/HMI.m2011.03.09_20.00.00.jpg,0.8425094485282898,X1.5,"(9, 8)",2011-03-09 23:13:00
2011/03/09/HMI.m2011.03.09_22.00.00.jpg,0.8540209531784058,X1.5,"(9, 8)",2011-03-09 23:13:00
2011/03/09/HMI.m2011.03.09_23.00.00.jpg,0.8766364455223083,X1.5,"(9, 8)",2011-03-09 23:13:00
2014/01/06/HMI.m2014.01.06_19.00.00.jpg,0.852628767490387,X1.2,"(-0.20414788244112136, -9)",2014-01-07 18:04:00
2014/01/06/HMI.m2014.01.06_20.00.00.jpg,0.8577044606208801,X1.2,"(-0.20414788244112136, -9)",2014-01-07 18:04:00
2014/01/06/HMI.m2014.01.06_21.00.00.jpg,0.8718529343605042,X1.2,"(-0.20414788244112136, -9)",2014-01-07 18:04:00
2014/01/06/HMI.m2014.01.06_22.00.00.jpg,0.918003261089325,X1.2,"(-0.20414788244112136, -9)",2014-01-07 18:04:00
2014/01/06/HMI.m2014.01.06_23.00.00.jpg,0.8462475538253784,X1.2,"(-0.20414788244112136, -9)",2014-01-07 18:04:00
2014/01/07/HMI.m2014.01.07_00.00.00.jpg,0.8817033767700195,X1.2,"(-0.20414788244112136, -9)",2014-01-07 18:04:00
2014/01/07/HMI.m2014.01.07_01.00.00.jpg,0.900473952293396,X1.2,"(-0.20414788244112136, -9)",2014-01-07 18:04:00
2014/01/07/HMI.m2014.01.07_02.00.00.jpg,0.8480255007743835,X1.2,"(-0.20414788244112136, -9)",2014-01-07 18:04:00
2014/01/07/HMI.m2014.01.07_03.00.00.jpg,0.8713667988777161,X1.2,"(-0.20414788244112136, -9)",2014-01-07 18:04:00
2014/01/07/HMI.m2014.01.07_04.00.00.jpg,0.8717445731163025,X1.2,"(-0.20414788244112136, -9)",2014-01-07 18:04:00
2014/01/07/HMI.m2014.01.07_05.00.00.jpg,0.8567593693733215,X1.2,"(-0.20414788244112136, -9)",2014-01-07 18:04:00
2014/01/07/HMI.m2014.01.07_06.00.00.jpg,0.8198355436325073,X1.2,"(-0.20414788244112136, -9)",2014-01-07 18:04:00
2014/01/07/HMI.m2014.01.07_07.00.00.jpg,0.8308597207069397,X1.2,"(-0.20414788244112136, -9)",2014-01-07 18:04:00
2014/01/07/HMI.m2014.01.07_08.00.00.jpg,0.6708937287330627,X1.2,"(-0.20414788244112136, -9)",2014-01-07 18:04:00
2014/01/07/HMI.m2014.01.07_09.00.00.jpg,0.631159782409668,X1.2,"(-0.20414788244112136, -9)",2014-01-07 18:04:00
2014/01/07/HMI.m2014.01.07_10.00.00.jpg,0.7564948797225952,X1.2,"(-0.20414788244112136, -9)",2014-01-07 18:04:00
2014/01/07/HMI.m2014.01.07_11.00.00.jpg,0.7919345498085022,X1.2,"(-0.20414788244112136, -9)",2014-01-07 18:04:00
2014/01/07/HMI.m2014.01.07_12.00.00.jpg,0.825532078742981,X1.2,"(-0.20414788244112136, -9)",2014-01-07 18:04:00
2014/01/07/HMI.m2014.01.07_13.00.00.jpg,0.7913042306900024,X1.2,"(-0.20414788244112136, -9)",2014-01-07 18:04:00
2014/01/07/HMI.m2014.01.07_14.00.00.jpg,0.7862957715988159,X1.2,"(-0.20414788244112136, -9)",2014-01-07 18:04:00
2014/01/07/HMI.m2014.01.07_15.00.00.jpg,0.8479187488555908,X1.2,"(-0.20414788244112136, -9)",2014-01-07 18:04:00
2014/01/07/HMI.m2014.01.07_16.00.00.jpg,0.8912080526351929,X1.2,"(-0.20414788244112136, -9)",2014-01-07 18:04:00
2014/01/07/HMI.m2014.01.07_17.00.00.jpg,0.89471435546875,X1.2,"(-0.20414788244112136, -9)",2014-01-07 18:04:00
2014/01/07/HMI.m2014.01.07_18.00.00.jpg,0.8619710206985474,X1.2,"(-0.20414788244112136, -9)",2014-01-07 18:04:00
2014/02/24/HMI.m2014.02.24_01.00.00.jpg,0.8073058128356934,X4.9,"(-82, -12)",2014-02-25 00:39:00
2014/02/24/HMI.m2014.02.24_02.00.00.jpg,0.8374967575073242,X4.9,"(-82, -12)",2014-02-25 00:39:00
2014/02/24/HMI.m2014.02.24_03.00.00.jpg,0.8305297493934631,X4.9,"(-82, -12)",2014-02-25 00:39:00
2014/02/24/HMI.m2014.02.24_04.00.00.jpg,0.8590111136436462,X4.9,"(-82, -12)",2014-02-25 00:39:00
2014/02/24/HMI.m2014.02.24_05.00.00.jpg,0.8432523012161255,X4.9,"(-82, -12)",2014-02-25 00:39:00
2014/02/24/HMI.m2014.02.24_06.00.00.jpg,0.8968347907066345,X4.9,"(-82, -12)",2014-02-25 00:39:00
2014/02/24/HMI.m2014.02.24_07.00.00.jpg,0.8241108655929565,X4.9,"(-82, -12)",2014-02-25 00:39:00
2014/02/24/HMI.m2014.02.24_08.00.00.jpg,0.9066551923751832,X4.9,"(-82, -12)",2014-02-25 00:39:00
2014/02/24/HMI.m2014.02.24_09.00.00.jpg,0.8647347092628479,X4.9,"(-82, -12)",2014-02-25 00:39:00
2014/02/24/HMI.m2014.02.24_10.00.00.jpg,0.9107701182365416,X4.9,"(-82, -12)",2014-02-25 00:39:00
2014/02/24/HMI.m2014.02.24_11.00.00.jpg,0.9143088459968568,X4.9,"(-82, -12)",2014-02-25 00:39:00
2014/02/24/HMI.m2014.02.24_12.00.00.jpg,0.9081409573554992,X4.9,"(-82, -12)",2014-02-25 00:39:00
2014/02/24/HMI.m2014.02.24_13.00.00.jpg,0.892307698726654,X4.9,"(-82, -12)",2014-02-25 00:39:00
2014/02/24/HMI.m2014.02.24_14.00.00.jpg,0.9170554876327516,X4.9,"(-82, -12)",2014-02-25 00:39:00
2014/02/24/HMI.m2014.02.24_15.00.00.jpg,0.8681264519691467,X4.9,"(-82, -12)",2014-02-25 00:39:00
2014/02/24/HMI.m2014.02.24_16.00.00.jpg,0.8753790855407715,X4.9,"(-82, -12)",2014-02-25 00:39:00
2014/02/24/HMI.m2014.02.24_17.00.00.jpg,0.8693461418151855,X4.9,"(-82, -12)",2014-02-25 00:39:00
2014/02/24/HMI.m2014.02.24_18.00.00.jpg,0.92600417137146,X4.9,"(-82, -12)",2014-02-25 00:39:00
2014/02/24/HMI.m2014.02.24_19.00.00.jpg,0.890110433101654,X4.9,"(-82, -12)",2014-02-25 00:39:00
2014/02/24/HMI.m2014.02.24_20.00.00.jpg,0.8722178936004639,X4.9,"(-82, -12)",2014-02-25 00:39:00
2014/02/24/HMI.m2014.02.24_21.00.00.jpg,0.8868093490600586,X4.9,"(-82, -12)",2014-02-25 00:39:00
2014/02/24/HMI.m2014.02.24_22.00.00.jpg,0.8675137162208557,X4.9,"(-82, -12)",2014-02-25 00:39:00
2014/02/24/HMI.m2014.02.24_23.00.00.jpg,0.8725433945655823,X4.9,"(-82, -12)",2014-02-25 00:39:00
2014/02/25/HMI.m2014.02.25_00.00.00.jpg,0.8925336599349976,X4.9,"(-82, -12)",2014-02-25 00:39:00
2014/03/28/HMI.m2014.03.28_18.00.00.jpg,0.7284405827522278,X1.0,"(32, 11)",2014-03-29 17:35:00
2014/03/28/HMI.m2014.03.28_19.00.00.jpg,0.8577911257743835,X1.0,"(32, 11)",2014-03-29 17:35:00
2014/03/28/HMI.m2014.03.28_20.00.00.jpg,0.8902652263641357,X1.0,"(32, 11)",2014-03-29 17:35:00
2014/03/28/HMI.m2014.03.28_21.00.00.jpg,0.8671573400497437,X1.0,"(32, 11)",2014-03-29 17:35:00
2014/03/28/HMI.m2014.03.28_22.00.00.jpg,0.7440793514251709,X1.0,"(32, 11)",2014-03-29 17:35:00
2014/03/28/HMI.m2014.03.28_23.00.00.jpg,0.7644375562667847,X1.0,"(32, 11)",2014-03-29 17:35:00
2014/03/29/HMI.m2014.03.29_00.00.00.jpg,0.7308501601219177,X1.0,"(32, 11)",2014-03-29 17:35:00
2014/03/29/HMI.m2014.03.29_01.00.00.jpg,0.7475561499595642,X1.0,"(32, 11)",2014-03-29 17:35:00
2014/03/29/HMI.m2014.03.29_02.00.00.jpg,0.7403359413146973,X1.0,"(32, 11)",2014-03-29 17:35:00
2014/03/29/HMI.m2014.03.29_03.00.00.jpg,0.7453727126121521,X1.0,"(32, 11)",2014-03-29 17:35:00
2014/03/29/HMI.m2014.03.29_04.00.00.jpg,0.8026214838027954,X1.0,"(32, 11)",2014-03-29 17:35:00
2014/03/29/HMI.m2014.03.29_05.00.00.jpg,0.7885516881942749,X1.0,"(32, 11)",2014-03-29 17:35:00
2014/03/29/HMI.m2014.03.29_06.00.00.jpg,0.7870948314666748,X1.0,"(32, 11)",2014-03-29 17:35:00
2014/03/29/HMI.m2014.03.29_07.00.00.jpg,0.8491557836532593,X1.0,"(32, 11)",2014-03-29 17:35:00
2014/03/29/HMI.m2014.03.29_08.00.00.jpg,0.8472697734832764,X1.0,"(32, 11)",2014-03-29 17:35:00
2014/03/29/HMI.m2014.03.29_09.00.00.jpg,0.7029790878295898,X1.0,"(32, 11)",2014-03-29 17:35:00
2014/03/29/HMI.m2014.03.29_10.00.00.jpg,0.7967007756233215,X1.0,"(32, 11)",2014-03-29 17:35:00
2014/03/29/HMI.m2014.03.29_11.00.00.jpg,0.8124833106994629,X1.0,"(32, 11)",2014-03-29 17:35:00
2014/03/29/HMI.m2014.03.29_12.00.00.jpg,0.821831226348877,X1.0,"(32, 11)",2014-03-29 17:35:00
2014/03/29/HMI.m2014.03.29_13.00.00.jpg,0.6738337278366089,X1.0,"(32, 11)",2014-03-29 17:35:00
2014/03/29/HMI.m2014.03.29_14.00.00.jpg,0.8497766256332397,X1.0,"(32, 11)",2014-03-29 17:35:00
2014/03/29/HMI.m2014.03.29_15.00.00.jpg,0.793186604976654,X1.0,"(32, 11)",2014-03-29 17:35:00
2014/03/29/HMI.m2014.03.29_16.00.00.jpg,0.7480818629264832,X1.0,"(32, 11)",2014-03-29 17:35:00
2014/03/29/HMI.m2014.03.29_17.00.00.jpg,0.7118703126907349,X1.0,"(32, 11)",2014-03-29 17:35:00
2015/03/10/HMI.m2015.03.10_17.00.00.jpg,0.6280508041381836,X2.1,"(-21, -17)",2015-03-11 16:11:00
2015/03/10/HMI.m2015.03.10_18.00.00.jpg,0.6420887112617493,X2.1,"(-21, -17)",2015-03-11 16:11:00
2015/03/10/HMI.m2015.03.10_19.00.00.jpg,0.6006740927696228,X2.1,"(-21, -17)",2015-03-11 16:11:00
2015/03/10/HMI.m2015.03.10_20.00.00.jpg,0.6685318350791931,X2.1,"(-21, -17)",2015-03-11 16:11:00
2015/03/10/HMI.m2015.03.10_21.00.00.jpg,0.6743420362472534,X2.1,"(-21, -17)",2015-03-11 16:11:00
2015/03/10/HMI.m2015.03.10_22.00.00.jpg,0.6328068971633911,X2.1,"(-21, -17)",2015-03-11 16:11:00
2015/03/10/HMI.m2015.03.10_23.00.00.jpg,0.816162645816803,X2.1,"(-21, -17)",2015-03-11 16:11:00
2015/03/11/HMI.m2015.03.11_00.00.00.jpg,0.670108437538147,X2.1,"(-21, -17)",2015-03-11 16:11:00
2015/03/11/HMI.m2015.03.11_01.00.00.jpg,0.7163469791412354,X2.1,"(-21, -17)",2015-03-11 16:11:00
2015/03/11/HMI.m2015.03.11_02.00.00.jpg,0.7221044301986694,X2.1,"(-21, -17)",2015-03-11 16:11:00
2015/03/11/HMI.m2015.03.11_03.00.00.jpg,0.7949201464653015,X2.1,"(-21, -17)",2015-03-11 16:11:00
2015/03/11/HMI.m2015.03.11_04.00.00.jpg,0.7428991198539734,X2.1,"(-21, -17)",2015-03-11 16:11:00
2015/03/11/HMI.m2015.03.11_05.00.00.jpg,0.6878072619438171,X2.1,"(-21, -17)",2015-03-11 16:11:00
2015/03/11/HMI.m2015.03.11_06.00.00.jpg,0.7504246830940247,X2.1,"(-21, -17)",2015-03-11 16:11:00
2015/03/11/HMI.m2015.03.11_08.00.00.jpg,0.6553953886032104,X2.1,"(-21, -17)",2015-03-11 16:11:00
2015/03/11/HMI.m2015.03.11_09.00.00.jpg,0.6666669249534607,X2.1,"(-21, -17)",2015-03-11 16:11:00
2015/03/11/HMI.m2015.03.11_10.00.00.jpg,0.717491626739502,X2.1,"(-21, -17)",2015-03-11 16:11:00
2015/03/11/HMI.m2015.03.11_11.00.00.jpg,0.7067911028862,X2.1,"(-21, -17)",2015-03-11 16:11:00
2015/03/11/HMI.m2015.03.11_12.00.00.jpg,0.7920180559158325,X2.1,"(-21, -17)",2015-03-11 16:11:00
2015/03/11/HMI.m2015.03.11_13.00.00.jpg,0.7910107970237732,X2.1,"(-21, -17)",2015-03-11 16:11:00
2015/03/11/HMI.m2015.03.11_14.00.00.jpg,0.6319494247436523,X2.1,"(-21, -17)",2015-03-11 16:11:00
2015/03/11/HMI.m2015.03.11_15.00.00.jpg,0.6854682564735413,X2.1,"(-21, -17)",2015-03-11 16:11:00
2015/03/11/HMI.m2015.03.11_16.00.00.jpg,0.8036206960678101,X2.1,"(-21, -17)",2015-03-11 16:11:00
2013/05/12/HMI.m2013.05.12_02.00.00.jpg,0.7260791659355164,X1.7,"(-90, 12)",2013-05-13 01:53:00
2013/05/12/HMI.m2013.05.12_04.00.00.jpg,0.7043851017951965,X1.7,"(-90, 12)",2013-05-13 01:53:00
2013/05/12/HMI.m2013.05.12_05.00.00.jpg,0.6884347796440125,X1.7,"(-90, 12)",2013-05-13 01:53:00
2013/05/12/HMI.m2013.05.12_06.00.00.jpg,0.6811752915382385,X1.7,"(-90, 12)",2013-05-13 01:53:00
2013/05/12/HMI.m2013.05.12_07.00.00.jpg,0.7377145290374756,X1.7,"(-90, 12)",2013-05-13 01:53:00
2013/05/12/HMI.m2013.05.12_08.00.00.jpg,0.809827446937561,X1.7,"(-90, 12)",2013-05-13 01:53:00
2013/05/12/HMI.m2013.05.12_09.00.00.jpg,0.8051769733428955,X1.7,"(-90, 12)",2013-05-13 01:53:00
2013/05/12/HMI.m2013.05.12_10.00.00.jpg,0.7464526295661926,X1.7,"(-90, 12)",2013-05-13 01:53:00
2013/05/12/HMI.m2013.05.12_11.00.00.jpg,0.8238100409507751,X1.7,"(-90, 12)",2013-05-13 01:53:00
2013/05/12/HMI.m2013.05.12_12.00.00.jpg,0.8062182068824768,X1.7,"(-90, 12)",2013-05-13 01:53:00
2013/05/12/HMI.m2013.05.12_13.00.00.jpg,0.8251093029975891,X1.7,"(-90, 12)",2013-05-13 01:53:00
2013/05/12/HMI.m2013.05.12_14.00.00.jpg,0.827427089214325,X1.7,"(-90, 12)",2013-05-13 01:53:00
2013/05/12/HMI.m2013.05.12_15.00.00.jpg,0.8423674702644348,X1.7,"(-90, 12)",2013-05-13 01:53:00
2013/05/12/HMI.m2013.05.12_16.00.00.jpg,0.8623486161231995,X2.8,"(-85, 11)",2013-05-13 15:48:00
2013/05/13/HMI.m2013.05.13_00.00.00.jpg,0.8686303496360779,X2.8,"(-85, 11)",2013-05-13 15:48:00
2013/05/13/HMI.m2013.05.13_01.00.00.jpg,0.8836362361907959,X3.2,"(-80.3081384076641, 12)",2013-05-14 00:00:00
2013/05/13/HMI.m2013.05.13_02.00.00.jpg,0.9028873443603516,X3.2,"(-80.3081384076641, 12)",2013-05-14 00:00:00
2013/05/13/HMI.m2013.05.13_03.00.00.jpg,0.9079445004463196,X3.2,"(-80.3081384076641, 12)",2013-05-14 00:00:00
2013/05/13/HMI.m2013.05.13_04.00.00.jpg,0.9214568734169006,X3.2,"(-80.3081384076641, 12)",2013-05-14 00:00:00
2013/05/13/HMI.m2013.05.13_05.00.00.jpg,0.9421518445014954,X3.2,"(-80.3081384076641, 12)",2013-05-14 00:00:00
2013/05/13/HMI.m2013.05.13_06.00.00.jpg,0.9300584197044371,X3.2,"(-80.3081384076641, 12)",2013-05-14 00:00:00
2013/05/13/HMI.m2013.05.13_07.00.00.jpg,0.9301217198371888,X3.2,"(-80.3081384076641, 12)",2013-05-14 00:00:00
2013/05/13/HMI.m2013.05.13_08.00.00.jpg,0.94534170627594,X3.2,"(-80.3081384076641, 12)",2013-05-14 00:00:00
2013/05/13/HMI.m2013.05.13_09.00.00.jpg,0.9364538192749025,X3.2,"(-80.3081384076641, 12)",2013-05-14 00:00:00
2013/05/13/HMI.m2013.05.13_10.00.00.jpg,0.9023117423057556,X3.2,"(-80.3081384076641, 12)",2013-05-14 00:00:00
2013/05/13/HMI.m2013.05.13_11.00.00.jpg,0.9121962785720824,X3.2,"(-80.3081384076641, 12)",2013-05-14 00:00:00
2013/05/13/HMI.m2013.05.13_12.00.00.jpg,0.9417413473129272,X3.2,"(-80.3081384076641, 12)",2013-05-14 00:00:00
2013/05/13/HMI.m2013.05.13_13.00.00.jpg,0.9559502601623536,X3.2,"(-80.3081384076641, 12)",2013-05-14 00:00:00
2013/05/13/HMI.m2013.05.13_14.00.00.jpg,0.9576969146728516,X3.2,"(-80.3081384076641, 12)",2013-05-14 00:00:00
2013/05/13/HMI.m2013.05.13_15.00.00.jpg,0.9515920281410216,X3.2,"(-80.3081384076641, 12)",2013-05-14 00:00:00
2013/05/13/HMI.m2013.05.13_16.00.00.jpg,0.9590849876403807,X3.2,"(-80.3081384076641, 12)",2013-05-14 00:00:00
2013/05/13/HMI.m2013.05.13_17.00.00.jpg,0.963854193687439,X3.2,"(-80.3081384076641, 12)",2013-05-14 00:00:00
2013/05/13/HMI.m2013.05.13_18.00.00.jpg,0.954059362411499,X3.2,"(-80.3081384076641, 12)",2013-05-14 00:00:00
2013/05/13/HMI.m2013.05.13_19.00.00.jpg,0.9624589085578918,X3.2,"(-80.3081384076641, 12)",2013-05-14 00:00:00
2013/05/13/HMI.m2013.05.13_20.00.00.jpg,0.9426077008247375,X3.2,"(-80.3081384076641, 12)",2013-05-14 00:00:00
2013/05/13/HMI.m2013.05.13_21.00.00.jpg,0.9804878830909728,X3.2,"(-80.3081384076641, 12)",2013-05-14 00:00:00
2013/05/13/HMI.m2013.05.13_22.00.00.jpg,0.9314276576042176,X3.2,"(-80.3081384076641, 12)",2013-05-14 00:00:00
2013/05/13/HMI.m2013.05.13_23.00.00.jpg,0.9610934257507324,X3.2,"(-80.3081384076641, 12)",2013-05-14 00:00:00
2013/05/14/HMI.m2013.05.14_02.00.00.jpg,0.959649920463562,X1.2,"(-64, 12)",2013-05-15 01:25:00
2013/05/14/HMI.m2013.05.14_03.00.00.jpg,0.9637041687965392,X1.2,"(-64, 12)",2013-05-15 01:25:00
2013/05/14/HMI.m2013.05.14_04.00.00.jpg,0.9624359607696532,X1.2,"(-64, 12)",2013-05-15 01:25:00
2013/05/14/HMI.m2013.05.14_05.00.00.jpg,0.9678479433059692,X1.2,"(-64, 12)",2013-05-15 01:25:00
2013/05/14/HMI.m2013.05.14_06.00.00.jpg,0.9688739776611328,X1.2,"(-64, 12)",2013-05-15 01:25:00
2013/05/14/HMI.m2013.05.14_07.00.00.jpg,0.9747121930122375,X1.2,"(-64, 12)",2013-05-15 01:25:00
2013/05/14/HMI.m2013.05.14_08.00.00.jpg,0.966529130935669,X1.2,"(-64, 12)",2013-05-15 01:25:00
2013/05/14/HMI.m2013.05.14_09.00.00.jpg,0.9535076022148132,X1.2,"(-64, 12)",2013-05-15 01:25:00
2013/05/14/HMI.m2013.05.14_10.00.00.jpg,0.9500772356987,X1.2,"(-64, 12)",2013-05-15 01:25:00
2013/05/14/HMI.m2013.05.14_11.00.00.jpg,0.941895067691803,X1.2,"(-64, 12)",2013-05-15 01:25:00
2013/05/14/HMI.m2013.05.14_12.00.00.jpg,0.958827018737793,X1.2,"(-64, 12)",2013-05-15 01:25:00
2013/05/14/HMI.m2013.05.14_13.00.00.jpg,0.9327950477600098,X1.2,"(-64, 12)",2013-05-15 01:25:00
2013/05/14/HMI.m2013.05.14_14.00.00.jpg,0.9490131139755248,X1.2,"(-64, 12)",2013-05-15 01:25:00
2013/05/14/HMI.m2013.05.14_15.00.00.jpg,0.9074794054031372,X1.2,"(-64, 12)",2013-05-15 01:25:00
2013/05/14/HMI.m2013.05.14_16.00.00.jpg,0.93855220079422,X1.2,"(-64, 12)",2013-05-15 01:25:00
2013/05/14/HMI.m2013.05.14_17.00.00.jpg,0.907643973827362,X1.2,"(-64, 12)",2013-05-15 01:25:00
2013/05/14/HMI.m2013.05.14_18.00.00.jpg,0.9332444667816162,X1.2,"(-64, 12)",2013-05-15 01:25:00
2013/05/14/HMI.m2013.05.14_19.00.00.jpg,0.9228228330612184,X1.2,"(-64, 12)",2013-05-15 01:25:00
2013/05/14/HMI.m2013.05.14_20.00.00.jpg,0.9260891079902648,X1.2,"(-64, 12)",2013-05-15 01:25:00
2013/05/14/HMI.m2013.05.14_21.00.00.jpg,0.871159017086029,X1.2,"(-64, 12)",2013-05-15 01:25:00
2013/05/14/HMI.m2013.05.14_22.00.00.jpg,0.9445158839225768,X1.2,"(-64, 12)",2013-05-15 01:25:00
2013/05/14/HMI.m2013.05.14_23.00.00.jpg,0.9649325013160706,X1.2,"(-64, 12)",2013-05-15 01:25:00
2013/05/15/HMI.m2013.05.15_00.00.00.jpg,0.9577596783638,X1.2,"(-64, 12)",2013-05-15 01:25:00
2013/05/15/HMI.m2013.05.15_01.00.00.jpg,0.9650831818580629,X1.2,"(-64, 12)",2013-05-15 01:25:00
2014/04/24/HMI.m2014.04.24_01.00.00.jpg,0.5308095216751099,X1.3,"(90, -13)",2014-04-25 00:17:00
2014/04/24/HMI.m2014.04.24_02.00.00.jpg,0.454111635684967,X1.3,"(90, -13)",2014-04-25 00:17:00
2014/04/24/HMI.m2014.04.24_03.00.00.jpg,0.3586189150810241,X1.3,"(90, -13)",2014-04-25 00:17:00
2014/04/24/HMI.m2014.04.24_04.00.00.jpg,0.4257932901382446,X1.3,"(90, -13)",2014-04-25 00:17:00
2014/04/24/HMI.m2014.04.24_05.00.00.jpg,0.4977368414402008,X1.3,"(90, -13)",2014-04-25 00:17:00
2014/04/24/HMI.m2014.04.24_06.00.00.jpg,0.5255508422851562,X1.3,"(90, -13)",2014-04-25 00:17:00
2014/04/24/HMI.m2014.04.24_07.00.00.jpg,0.5607761740684509,X1.3,"(90, -13)",2014-04-25 00:17:00
2014/04/24/HMI.m2014.04.24_08.00.00.jpg,0.5577828884124756,X1.3,"(90, -13)",2014-04-25 00:17:00
2014/04/24/HMI.m2014.04.24_09.00.00.jpg,0.5927255749702454,X1.3,"(90, -13)",2014-04-25 00:17:00
2014/04/24/HMI.m2014.04.24_10.00.00.jpg,0.5584526658058167,X1.3,"(90, -13)",2014-04-25 00:17:00
2014/04/24/HMI.m2014.04.24_11.00.00.jpg,0.5389501452445984,X1.3,"(90, -13)",2014-04-25 00:17:00
2014/04/24/HMI.m2014.04.24_12.00.00.jpg,0.5346640944480896,X1.3,"(90, -13)",2014-04-25 00:17:00
2014/04/24/HMI.m2014.04.24_13.00.00.jpg,0.575795590877533,X1.3,"(90, -13)",2014-04-25 00:17:00
2014/04/24/HMI.m2014.04.24_14.00.00.jpg,0.5667317509651184,X1.3,"(90, -13)",2014-04-25 00:17:00
2014/04/24/HMI.m2014.04.24_15.00.00.jpg,0.5597531795501709,X1.3,"(90, -13)",2014-04-25 00:17:00
2014/04/24/HMI.m2014.04.24_16.00.00.jpg,0.5189019441604614,X1.3,"(90, -13)",2014-04-25 00:17:00
2014/04/24/HMI.m2014.04.24_17.00.00.jpg,0.5025861263275146,X1.3,"(90, -13)",2014-04-25 00:17:00
2014/04/24/HMI.m2014.04.24_18.00.00.jpg,0.5906643271446228,X1.3,"(90, -13)",2014-04-25 00:17:00
2014/04/24/HMI.m2014.04.24_19.00.00.jpg,0.5915612578392029,X1.3,"(90, -13)",2014-04-25 00:17:00
2014/04/24/HMI.m2014.04.24_20.00.00.jpg,0.5108938217163086,X1.3,"(90, -13)",2014-04-25 00:17:00
2014/04/24/HMI.m2014.04.24_21.00.00.jpg,0.5386883616447449,X1.3,"(90, -13)",2014-04-25 00:17:00
2014/04/24/HMI.m2014.04.24_22.00.00.jpg,0.5728338360786438,X1.3,"(90, -13)",2014-04-25 00:17:00
2014/04/24/HMI.m2014.04.24_23.00.00.jpg,0.5380286574363708,X1.3,"(90, -13)",2014-04-25 00:17:00
2014/04/25/HMI.m2014.04.25_00.00.00.jpg,0.5634559392929077,X1.3,"(90, -13)",2014-04-25 00:17:00
2014/06/09/HMI.m2014.06.09_12.00.00.jpg,0.7288342118263245,X2.2,"(-80, -15)",2014-06-10 11:36:00
2014/06/09/HMI.m2014.06.09_13.00.00.jpg,0.8392735719680786,X2.2,"(-80, -15)",2014-06-10 11:36:00
2014/06/09/HMI.m2014.06.09_14.00.00.jpg,0.7332509756088257,X2.2,"(-80, -15)",2014-06-10 11:36:00
2014/06/09/HMI.m2014.06.09_15.00.00.jpg,0.8617998361587524,X2.2,"(-80, -15)",2014-06-10 11:36:00
2014/06/09/HMI.m2014.06.09_16.00.00.jpg,0.7964931726455688,X2.2,"(-80, -15)",2014-06-10 11:36:00
2014/06/09/HMI.m2014.06.09_17.00.00.jpg,0.7077929377555847,X2.2,"(-80, -15)",2014-06-10 11:36:00
2014/06/09/HMI.m2014.06.09_18.00.00.jpg,0.773354172706604,X2.2,"(-80, -15)",2014-06-10 11:36:00
2014/06/09/HMI.m2014.06.09_19.00.00.jpg,0.702468752861023,X2.2,"(-80, -15)",2014-06-10 11:36:00
2014/06/09/HMI.m2014.06.09_20.00.00.jpg,0.5309603214263916,X2.2,"(-80, -15)",2014-06-10 11:36:00
2014/06/09/HMI.m2014.06.09_21.00.00.jpg,0.6255309581756592,X2.2,"(-80, -15)",2014-06-10 11:36:00
2014/06/09/HMI.m2014.06.09_22.00.00.jpg,0.693997323513031,X2.2,"(-80, -15)",2014-06-10 11:36:00
2014/06/09/HMI.m2014.06.09_23.00.00.jpg,0.5985834002494812,X2.2,"(-80, -15)",2014-06-10 11:36:00
2014/06/10/HMI.m2014.06.10_00.00.00.jpg,0.709113359451294,X2.2,"(-80, -15)",2014-06-10 11:36:00
2014/06/10/HMI.m2014.06.10_01.00.00.jpg,0.5331308841705322,X2.2,"(-80, -15)",2014-06-10 11:36:00
2014/06/10/HMI.m2014.06.10_02.00.00.jpg,0.6289112567901611,X2.2,"(-80, -15)",2014-06-10 11:36:00
2014/06/10/HMI.m2014.06.10_03.00.00.jpg,0.6016113758087158,X2.2,"(-80, -15)",2014-06-10 11:36:00
2014/06/10/HMI.m2014.06.10_04.00.00.jpg,0.7202783226966858,X2.2,"(-80, -15)",2014-06-10 11:36:00
2014/06/10/HMI.m2014.06.10_05.00.00.jpg,0.6696723103523254,X2.2,"(-80, -15)",2014-06-10 11:36:00
2014/06/10/HMI.m2014.06.10_06.00.00.jpg,0.7469736337661743,X2.2,"(-80, -15)",2014-06-10 11:36:00
2014/06/10/HMI.m2014.06.10_07.00.00.jpg,0.8299082517623901,X2.2,"(-80, -15)",2014-06-10 11:36:00
2014/06/10/HMI.m2014.06.10_08.00.00.jpg,0.7803733944892883,X2.2,"(-80, -15)",2014-06-10 11:36:00
2014/06/10/HMI.m2014.06.10_09.00.00.jpg,0.839616060256958,X2.2,"(-80, -15)",2014-06-10 11:36:00
2014/06/10/HMI.m2014.06.10_10.00.00.jpg,0.8188729286193848,X2.2,"(-80, -15)",2014-06-10 11:36:00
2014/06/10/HMI.m2014.06.10_11.00.00.jpg,0.7911794185638428,X2.2,"(-80, -15)",2014-06-10 11:36:00
2014/06/10/HMI.m2014.06.10_12.00.00.jpg,0.875644862651825,X1.5,"(-82, -17)",2014-06-10 12:36:00
2014/06/10/HMI.m2014.06.10_13.00.00.jpg,0.951980471611023,X1.0,"(-65, -18)",2014-06-11 08:59:00
2014/06/10/HMI.m2014.06.10_14.00.00.jpg,0.9144043326377868,X1.0,"(-65, -18)",2014-06-11 08:59:00
2014/06/10/HMI.m2014.06.10_15.00.00.jpg,0.8996116518974304,X1.0,"(-65, -18)",2014-06-11 08:59:00
2014/06/10/HMI.m2014.06.10_16.00.00.jpg,0.9373999834060668,X1.0,"(-65, -18)",2014-06-11 08:59:00
2014/06/10/HMI.m2014.06.10_17.00.00.jpg,0.9302768707275392,X1.0,"(-65, -18)",2014-06-11 08:59:00
2014/06/10/HMI.m2014.06.10_18.00.00.jpg,0.939460277557373,X1.0,"(-65, -18)",2014-06-11 08:59:00
2014/06/10/HMI.m2014.06.10_19.00.00.jpg,0.8949704170227051,X1.0,"(-65, -18)",2014-06-11 08:59:00
2014/06/10/HMI.m2014.06.10_20.00.00.jpg,0.8680349588394165,X1.0,"(-65, -18)",2014-06-11 08:59:00
2014/06/10/HMI.m2014.06.10_21.00.00.jpg,0.8603894710540771,X1.0,"(-65, -18)",2014-06-11 08:59:00
2014/06/10/HMI.m2014.06.10_22.00.00.jpg,0.8979232311248779,X1.0,"(-65, -18)",2014-06-11 08:59:00
2014/06/10/HMI.m2014.06.10_23.00.00.jpg,0.8912665843963623,X1.0,"(-65, -18)",2014-06-11 08:59:00
2014/06/11/HMI.m2014.06.11_00.00.00.jpg,0.9035165309906006,X1.0,"(-65, -18)",2014-06-11 08:59:00
2014/06/11/HMI.m2014.06.11_01.00.00.jpg,0.9386324286460876,X1.0,"(-65, -18)",2014-06-11 08:59:00
2014/06/11/HMI.m2014.06.11_02.00.00.jpg,0.9378198385238647,X1.0,"(-65, -18)",2014-06-11 08:59:00
2014/06/11/HMI.m2014.06.11_03.00.00.jpg,0.9653847217559814,X1.0,"(-65, -18)",2014-06-11 08:59:00
2014/06/11/HMI.m2014.06.11_04.00.00.jpg,0.96733957529068,X1.0,"(-65, -18)",2014-06-11 08:59:00
2014/06/11/HMI.m2014.06.11_05.00.00.jpg,0.9627301692962646,X1.0,"(-65, -18)",2014-06-11 08:59:00
2014/06/11/HMI.m2014.06.11_06.00.00.jpg,0.9714186191558838,X1.0,"(-65, -18)",2014-06-11 08:59:00
2014/06/11/HMI.m2014.06.11_07.00.00.jpg,0.9714481234550476,X1.0,"(-65, -18)",2014-06-11 08:59:00
2014/06/11/HMI.m2014.06.11_08.00.00.jpg,0.9739649295806884,X1.0,"(-65, -18)",2014-06-11 08:59:00
2015/05/04/HMI.m2015.05.04_23.00.00.jpg,0.3655160963535309,X2.7,"(-71.06215371217765, 12)",2015-05-05 22:05:00
2015/05/05/HMI.m2015.05.05_00.00.00.jpg,0.4008127748966217,X2.7,"(-71.06215371217765, 12)",2015-05-05 22:05:00
2015/05/05/HMI.m2015.05.05_01.00.00.jpg,0.350573182106018,X2.7,"(-71.06215371217765, 12)",2015-05-05 22:05:00
2015/05/05/HMI.m2015.05.05_02.00.00.jpg,0.4920746684074402,X2.7,"(-71.06215371217765, 12)",2015-05-05 22:05:00
2015/05/05/HMI.m2015.05.05_03.00.00.jpg,0.478996992111206,X2.7,"(-71.06215371217765, 12)",2015-05-05 22:05:00
2015/05/05/HMI.m2015.05.05_04.00.00.jpg,0.4624245166778564,X2.7,"(-71.06215371217765, 12)",2015-05-05 22:05:00
2015/05/05/HMI.m2015.05.05_05.00.00.jpg,0.6445357203483582,X2.7,"(-71.06215371217765, 12)",2015-05-05 22:05:00
2015/05/05/HMI.m2015.05.05_06.00.00.jpg,0.6044691205024719,X2.7,"(-71.06215371217765, 12)",2015-05-05 22:05:00
2015/05/05/HMI.m2015.05.05_07.00.00.jpg,0.6502937078475952,X2.7,"(-71.06215371217765, 12)",2015-05-05 22:05:00
2015/05/05/HMI.m2015.05.05_08.00.00.jpg,0.6758049726486206,X2.7,"(-71.06215371217765, 12)",2015-05-05 22:05:00
2015/05/05/HMI.m2015.05.05_09.00.00.jpg,0.6048977375030518,X2.7,"(-71.06215371217765, 12)",2015-05-05 22:05:00
2015/05/05/HMI.m2015.05.05_10.00.00.jpg,0.6313982605934143,X2.7,"(-71.06215371217765, 12)",2015-05-05 22:05:00
2015/05/05/HMI.m2015.05.05_11.00.00.jpg,0.5830410718917847,X2.7,"(-71.06215371217765, 12)",2015-05-05 22:05:00
2015/05/05/HMI.m2015.05.05_12.00.00.jpg,0.7626546621322632,X2.7,"(-71.06215371217765, 12)",2015-05-05 22:05:00
2015/05/05/HMI.m2015.05.05_13.00.00.jpg,0.7137500047683716,X2.7,"(-71.06215371217765, 12)",2015-05-05 22:05:00
2015/05/05/HMI.m2015.05.05_14.00.00.jpg,0.615018904209137,X2.7,"(-71.06215371217765, 12)",2015-05-05 22:05:00
2015/05/05/HMI.m2015.05.05_15.00.00.jpg,0.6211832761764526,X2.7,"(-71.06215371217765, 12)",2015-05-05 22:05:00
2015/05/05/HMI.m2015.05.05_16.00.00.jpg,0.548201322555542,X2.7,"(-71.06215371217765, 12)",2015-05-05 22:05:00
2015/05/05/HMI.m2015.05.05_17.00.00.jpg,0.7035869359970093,X2.7,"(-71.06215371217765, 12)",2015-05-05 22:05:00
2015/05/05/HMI.m2015.05.05_18.00.00.jpg,0.6947000622749329,X2.7,"(-71.06215371217765, 12)",2015-05-05 22:05:00
2015/05/05/HMI.m2015.05.05_19.00.00.jpg,0.7256643176078796,X2.7,"(-71.06215371217765, 12)",2015-05-05 22:05:00
2015/05/05/HMI.m2015.05.05_20.00.00.jpg,0.6448562741279602,X2.7,"(-71.06215371217765, 12)",2015-05-05 22:05:00
2015/05/05/HMI.m2015.05.05_21.00.00.jpg,0.6977142095565796,X2.7,"(-71.06215371217765, 12)",2015-05-05 22:05:00
2015/05/05/HMI.m2015.05.05_22.00.00.jpg,0.6118288636207581,X2.7,"(-71.06215371217765, 12)",2015-05-05 22:05:00
2011/08/08/HMI.m2011.08.08_08.00.00.jpg,0.5343971252441406,X6.9,"(69, 17)",2011-08-09 07:48:00
2011/08/08/HMI.m2011.08.08_09.00.00.jpg,0.4425640404224396,X6.9,"(69, 17)",2011-08-09 07:48:00
2011/08/08/HMI.m2011.08.08_10.00.00.jpg,0.4879695177078247,X6.9,"(69, 17)",2011-08-09 07:48:00
2011/08/08/HMI.m2011.08.08_11.00.00.jpg,0.4948027431964874,X6.9,"(69, 17)",2011-08-09 07:48:00
2011/08/08/HMI.m2011.08.08_12.00.00.jpg,0.5771732330322266,X6.9,"(69, 17)",2011-08-09 07:48:00
2011/08/08/HMI.m2011.08.08_13.00.00.jpg,0.4788991510868072,X6.9,"(69, 17)",2011-08-09 07:48:00
2011/08/08/HMI.m2011.08.08_14.00.00.jpg,0.4430843591690063,X6.9,"(69, 17)",2011-08-09 07:48:00
2011/08/08/HMI.m2011.08.08_15.00.00.jpg,0.5113611817359924,X6.9,"(69, 17)",2011-08-09 07:48:00
2011/08/08/HMI.m2011.08.08_16.00.00.jpg,0.4726131856441498,X6.9,"(69, 17)",2011-08-09 07:48:00
2011/08/08/HMI.m2011.08.08_17.00.00.jpg,0.5899195075035095,X6.9,"(69, 17)",2011-08-09 07:48:00
2011/08/08/HMI.m2011.08.08_18.00.00.jpg,0.520757794380188,X6.9,"(69, 17)",2011-08-09 07:48:00
2011/08/08/HMI.m2011.08.08_19.00.00.jpg,0.5115758776664734,X6.9,"(69, 17)",2011-08-09 07:48:00
2011/08/08/HMI.m2011.08.08_20.00.00.jpg,0.5060300230979919,X6.9,"(69, 17)",2011-08-09 07:48:00
2011/08/08/HMI.m2011.08.08_21.00.00.jpg,0.5663602352142334,X6.9,"(69, 17)",2011-08-09 07:48:00
2011/08/08/HMI.m2011.08.08_22.00.00.jpg,0.531931459903717,X6.9,"(69, 17)",2011-08-09 07:48:00
2011/08/08/HMI.m2011.08.08_23.00.00.jpg,0.5634585618972778,X6.9,"(69, 17)",2011-08-09 07:48:00
2011/08/09/HMI.m2011.08.09_00.00.00.jpg,0.5537444353103638,X6.9,"(69, 17)",2011-08-09 07:48:00
2011/08/09/HMI.m2011.08.09_01.00.00.jpg,0.5291454195976257,X6.9,"(69, 17)",2011-08-09 07:48:00
2011/08/09/HMI.m2011.08.09_02.00.00.jpg,0.4354852139949798,X6.9,"(69, 17)",2011-08-09 07:48:00
2011/08/09/HMI.m2011.08.09_03.00.00.jpg,0.4928230941295624,X6.9,"(69, 17)",2011-08-09 07:48:00
2011/08/09/HMI.m2011.08.09_04.00.00.jpg,0.454965204000473,X6.9,"(69, 17)",2011-08-09 07:48:00
2011/08/09/HMI.m2011.08.09_05.00.00.jpg,0.4010947346687317,X6.9,"(69, 17)",2011-08-09 07:48:00
2011/08/09/HMI.m2011.08.09_06.00.00.jpg,0.3952456414699554,X6.9,"(69, 17)",2011-08-09 07:48:00
2011/08/09/HMI.m2011.08.09_07.00.00.jpg,0.403529405593872,X6.9,"(69, 17)",2011-08-09 07:48:00
2011/09/05/HMI.m2011.09.05_23.00.00.jpg,0.4215898215770721,X2.1,"(18, 14)",2011-09-06 22:12:00
2011/09/06/HMI.m2011.09.06_00.00.00.jpg,0.4352051019668579,X2.1,"(18, 14)",2011-09-06 22:12:00
2011/09/06/HMI.m2011.09.06_01.00.00.jpg,0.3373612761497497,X2.1,"(18, 14)",2011-09-06 22:12:00
2011/09/06/HMI.m2011.09.06_02.00.00.jpg,0.3319266736507416,X2.1,"(18, 14)",2011-09-06 22:12:00
2011/09/06/HMI.m2011.09.06_03.00.00.jpg,0.3680694699287414,X2.1,"(18, 14)",2011-09-06 22:12:00
2011/09/06/HMI.m2011.09.06_04.00.00.jpg,0.390735387802124,X2.1,"(18, 14)",2011-09-06 22:12:00
2011/09/06/HMI.m2011.09.06_05.00.00.jpg,0.3821116983890533,X2.1,"(18, 14)",2011-09-06 22:12:00
2011/09/06/HMI.m2011.09.06_06.00.00.jpg,0.298813134431839,X2.1,"(18, 14)",2011-09-06 22:12:00
2011/09/06/HMI.m2011.09.06_07.00.00.jpg,0.3005611002445221,X2.1,"(18, 14)",2011-09-06 22:12:00
2011/09/06/HMI.m2011.09.06_08.00.00.jpg,0.2896178662776947,X2.1,"(18, 14)",2011-09-06 22:12:00
2011/09/06/HMI.m2011.09.06_09.00.00.jpg,0.2810022234916687,X2.1,"(18, 14)",2011-09-06 22:12:00
2011/09/06/HMI.m2011.09.06_10.00.00.jpg,0.3121839463710785,X2.1,"(18, 14)",2011-09-06 22:12:00
2011/09/06/HMI.m2011.09.06_11.00.00.jpg,0.3948029577732086,X2.1,"(18, 14)",2011-09-06 22:12:00
2011/09/06/HMI.m2011.09.06_12.00.00.jpg,0.354561448097229,X2.1,"(18, 14)",2011-09-06 22:12:00
2011/09/06/HMI.m2011.09.06_13.00.00.jpg,0.3489248752593994,X2.1,"(18, 14)",2011-09-06 22:12:00
2011/09/06/HMI.m2011.09.06_14.00.00.jpg,0.3384080827236175,X2.1,"(18, 14)",2011-09-06 22:12:00
2011/09/06/HMI.m2011.09.06_15.00.00.jpg,0.3037921786308288,X2.1,"(18, 14)",2011-09-06 22:12:00
2011/09/06/HMI.m2011.09.06_16.00.00.jpg,0.2442267686128616,X2.1,"(18, 14)",2011-09-06 22:12:00
2011/09/06/HMI.m2011.09.06_17.00.00.jpg,0.1936528533697128,X2.1,"(18, 14)",2011-09-06 22:12:00
2011/09/06/HMI.m2011.09.06_18.00.00.jpg,0.2114663571119308,X2.1,"(18, 14)",2011-09-06 22:12:00
2011/09/06/HMI.m2011.09.06_19.00.00.jpg,0.2383787631988525,X2.1,"(18, 14)",2011-09-06 22:12:00
2011/09/06/HMI.m2011.09.06_20.00.00.jpg,0.2072237879037857,X2.1,"(18, 14)",2011-09-06 22:12:00
2011/09/06/HMI.m2011.09.06_21.00.00.jpg,0.2203151732683181,X2.1,"(18, 14)",2011-09-06 22:12:00
2011/09/06/HMI.m2011.09.06_22.00.00.jpg,0.2512719631195068,X2.1,"(18, 14)",2011-09-06 22:12:00
2011/09/06/HMI.m2011.09.06_23.00.00.jpg,0.2625737190246582,X1.8,"(28, 14)",2011-09-07 22:32:00
2011/09/07/HMI.m2011.09.07_00.00.00.jpg,0.3167418539524078,X1.8,"(28, 14)",2011-09-07 22:32:00
2011/09/07/HMI.m2011.09.07_01.00.00.jpg,0.3029624223709106,X1.8,"(28, 14)",2011-09-07 22:32:00
2011/09/07/HMI.m2011.09.07_02.00.00.jpg,0.2048175930976867,X1.8,"(28, 14)",2011-09-07 22:32:00
2011/09/07/HMI.m2011.09.07_03.00.00.jpg,0.2196047753095626,X1.8,"(28, 14)",2011-09-07 22:32:00
2011/09/07/HMI.m2011.09.07_04.00.00.jpg,0.2205565571784973,X1.8,"(28, 14)",2011-09-07 22:32:00
2011/09/07/HMI.m2011.09.07_05.00.00.jpg,0.2627472281455993,X1.8,"(28, 14)",2011-09-07 22:32:00
2011/09/07/HMI.m2011.09.07_06.00.00.jpg,0.2164484858512878,X1.8,"(28, 14)",2011-09-07 22:32:00
2011/09/07/HMI.m2011.09.07_07.00.00.jpg,0.2820192575454712,X1.8,"(28, 14)",2011-09-07 22:32:00
2011/09/07/HMI.m2011.09.07_08.00.00.jpg,0.3086093068122864,X1.8,"(28, 14)",2011-09-07 22:32:00
2011/09/07/HMI.m2011.09.07_09.00.00.jpg,0.2444976717233657,X1.8,"(28, 14)",2011-09-07 22:32:00
2011/09/07/HMI.m2011.09.07_10.00.00.jpg,0.265534907579422,X1.8,"(28, 14)",2011-09-07 22:32:00
2011/09/07/HMI.m2011.09.07_11.00.00.jpg,0.3036087453365326,X1.8,"(28, 14)",2011-09-07 22:32:00
2011/09/07/HMI.m2011.09.07_12.00.00.jpg,0.3564258515834808,X1.8,"(28, 14)",2011-09-07 22:32:00
2011/09/07/HMI.m2011.09.07_13.00.00.jpg,0.4132526218891144,X1.8,"(28, 14)",2011-09-07 22:32:00
2011/09/07/HMI.m2011.09.07_14.00.00.jpg,0.4445957839488983,X1.8,"(28, 14)",2011-09-07 22:32:00
2011/09/07/HMI.m2011.09.07_15.00.00.jpg,0.3756416738033294,X1.8,"(28, 14)",2011-09-07 22:32:00
2011/09/07/HMI.m2011.09.07_16.00.00.jpg,0.4235258400440216,X1.8,"(28, 14)",2011-09-07 22:32:00
2011/09/07/HMI.m2011.09.07_17.00.00.jpg,0.4751923978328705,X1.8,"(28, 14)",2011-09-07 22:32:00
2011/09/07/HMI.m2011.09.07_18.00.00.jpg,0.3850265443325043,X1.8,"(28, 14)",2011-09-07 22:32:00
2011/09/07/HMI.m2011.09.07_19.00.00.jpg,0.4394670724868774,X1.8,"(28, 14)",2011-09-07 22:32:00
2011/09/07/HMI.m2011.09.07_20.00.00.jpg,0.2749434113502502,X1.8,"(28, 14)",2011-09-07 22:32:00
2011/09/07/HMI.m2011.09.07_21.00.00.jpg,0.3346888124942779,X1.8,"(28, 14)",2011-09-07 22:32:00
2011/09/07/HMI.m2011.09.07_22.00.00.jpg,0.3297071754932403,X1.8,"(28, 14)",2011-09-07 22:32:00
2011/09/21/HMI.m2011.09.21_16.00.00.jpg,0.2896497547626495,X1.4,"(-81.59795012173367, 11)",2011-09-22 10:29:00
2011/09/21/HMI.m2011.09.21_17.00.00.jpg,0.30881068110466,X1.4,"(-81.59795012173367, 11)",2011-09-22 10:29:00
2011/09/21/HMI.m2011.09.21_18.00.00.jpg,0.3231193423271179,X1.4,"(-81.59795012173367, 11)",2011-09-22 10:29:00
2011/09/21/HMI.m2011.09.21_19.00.00.jpg,0.4787333905696869,X1.4,"(-81.59795012173367, 11)",2011-09-22 10:29:00
2011/09/21/HMI.m2011.09.21_20.00.00.jpg,0.5981276035308838,X1.4,"(-81.59795012173367, 11)",2011-09-22 10:29:00
2011/09/21/HMI.m2011.09.21_21.00.00.jpg,0.6448826789855957,X1.4,"(-81.59795012173367, 11)",2011-09-22 10:29:00
2011/09/21/HMI.m2011.09.21_22.00.00.jpg,0.6304376125335693,X1.4,"(-81.59795012173367, 11)",2011-09-22 10:29:00
2011/09/21/HMI.m2011.09.21_23.00.00.jpg,0.4776200950145721,X1.4,"(-81.59795012173367, 11)",2011-09-22 10:29:00
2011/09/22/HMI.m2011.09.22_00.00.00.jpg,0.4874424934387207,X1.4,"(-81.59795012173367, 11)",2011-09-22 10:29:00
2011/09/22/HMI.m2011.09.22_01.00.00.jpg,0.4514806568622589,X1.4,"(-81.59795012173367, 11)",2011-09-22 10:29:00
2011/09/22/HMI.m2011.09.22_02.00.00.jpg,0.3591593205928802,X1.4,"(-81.59795012173367, 11)",2011-09-22 10:29:00
2011/09/22/HMI.m2011.09.22_03.00.00.jpg,0.4062668979167938,X1.4,"(-81.59795012173367, 11)",2011-09-22 10:29:00
2011/09/22/HMI.m2011.09.22_04.00.00.jpg,0.3650276362895965,X1.4,"(-81.59795012173367, 11)",2011-09-22 10:29:00
2011/09/22/HMI.m2011.09.22_05.00.00.jpg,0.3311872780323028,X1.4,"(-81.59795012173367, 11)",2011-09-22 10:29:00
2011/09/22/HMI.m2011.09.22_06.00.00.jpg,0.369515985250473,X1.4,"(-81.59795012173367, 11)",2011-09-22 10:29:00
2011/09/22/HMI.m2011.09.22_08.00.00.jpg,0.4522996842861175,X1.4,"(-81.59795012173367, 11)",2011-09-22 10:29:00
2011/09/22/HMI.m2011.09.22_09.00.00.jpg,0.4283608198165893,X1.4,"(-81.59795012173367, 11)",2011-09-22 10:29:00
2011/09/22/HMI.m2011.09.22_10.00.00.jpg,0.5172640681266785,X1.4,"(-81.59795012173367, 11)",2011-09-22 10:29:00
2011/09/23/HMI.m2011.09.23_10.00.00.jpg,0.8529552221298218,X1.9,"(-60, 12)",2011-09-24 09:21:00
2011/09/23/HMI.m2011.09.23_12.00.00.jpg,0.7947512269020081,X1.9,"(-60, 12)",2011-09-24 09:21:00
2011/09/23/HMI.m2011.09.23_13.00.00.jpg,0.8435984253883362,X1.9,"(-60, 12)",2011-09-24 09:21:00
2011/09/23/HMI.m2011.09.23_14.00.00.jpg,0.8438779711723328,X1.9,"(-60, 12)",2011-09-24 09:21:00
2011/09/23/HMI.m2011.09.23_15.00.00.jpg,0.8289918303489685,X1.9,"(-60, 12)",2011-09-24 09:21:00
2011/09/23/HMI.m2011.09.23_16.00.00.jpg,0.8000746965408325,X1.9,"(-60, 12)",2011-09-24 09:21:00
2011/09/23/HMI.m2011.09.23_17.00.00.jpg,0.8036249279975891,X1.9,"(-60, 12)",2011-09-24 09:21:00
2011/09/23/HMI.m2011.09.23_18.00.00.jpg,0.797562837600708,X1.9,"(-60, 12)",2011-09-24 09:21:00
2011/09/23/HMI.m2011.09.23_19.00.00.jpg,0.8561891913414001,X1.9,"(-60, 12)",2011-09-24 09:21:00
2011/09/23/HMI.m2011.09.23_21.00.00.jpg,0.8340985774993896,X1.9,"(-60, 12)",2011-09-24 09:21:00
2011/09/23/HMI.m2011.09.23_22.00.00.jpg,0.7262330651283264,X1.9,"(-60, 12)",2011-09-24 09:21:00
2011/09/23/HMI.m2011.09.23_23.00.00.jpg,0.8171778917312622,X1.9,"(-60, 12)",2011-09-24 09:21:00
2011/09/24/HMI.m2011.09.24_00.00.00.jpg,0.780672013759613,X1.9,"(-60, 12)",2011-09-24 09:21:00
2011/09/24/HMI.m2011.09.24_01.00.00.jpg,0.790386974811554,X1.9,"(-60, 12)",2011-09-24 09:21:00
2011/09/24/HMI.m2011.09.24_02.00.00.jpg,0.7562041282653809,X1.9,"(-60, 12)",2011-09-24 09:21:00
2011/09/24/HMI.m2011.09.24_03.00.00.jpg,0.7496193647384644,X1.9,"(-60, 12)",2011-09-24 09:21:00
2011/09/24/HMI.m2011.09.24_04.00.00.jpg,0.7181072235107422,X1.9,"(-60, 12)",2011-09-24 09:21:00
2011/09/24/HMI.m2011.09.24_05.00.00.jpg,0.6686599850654602,X1.9,"(-60, 12)",2011-09-24 09:21:00
2011/09/24/HMI.m2011.09.24_06.00.00.jpg,0.6515103578567505,X1.9,"(-60, 12)",2011-09-24 09:21:00
2011/09/24/HMI.m2011.09.24_08.00.00.jpg,0.6624581813812256,X1.9,"(-60, 12)",2011-09-24 09:21:00
2011/09/24/HMI.m2011.09.24_09.00.00.jpg,0.7046699523925781,X1.9,"(-60, 12)",2011-09-24 09:21:00
2012/07/06/HMI.m2012.07.06_00.00.00.jpg,0.9522209763526917,X1.1,"(49.497108156306524, -18)",2012-07-06 23:01:00
2012/07/06/HMI.m2012.07.06_01.00.00.jpg,0.940938413143158,X1.1,"(49.497108156306524, -18)",2012-07-06 23:01:00
2012/07/06/HMI.m2012.07.06_02.00.00.jpg,0.9311899542808532,X1.1,"(49.497108156306524, -18)",2012-07-06 23:01:00
2012/07/06/HMI.m2012.07.06_03.00.00.jpg,0.9301373958587646,X1.1,"(49.497108156306524, -18)",2012-07-06 23:01:00
2012/07/06/HMI.m2012.07.06_04.00.00.jpg,0.8935061097145081,X1.1,"(49.497108156306524, -18)",2012-07-06 23:01:00
2012/07/06/HMI.m2012.07.06_05.00.00.jpg,0.9293934106826782,X1.1,"(49.497108156306524, -18)",2012-07-06 23:01:00
2012/07/06/HMI.m2012.07.06_06.00.00.jpg,0.8994916677474976,X1.1,"(49.497108156306524, -18)",2012-07-06 23:01:00
2012/07/06/HMI.m2012.07.06_07.00.00.jpg,0.9239546060562134,X1.1,"(49.497108156306524, -18)",2012-07-06 23:01:00
2012/07/06/HMI.m2012.07.06_08.00.00.jpg,0.9477271437644958,X1.1,"(49.497108156306524, -18)",2012-07-06 23:01:00
2012/07/06/HMI.m2012.07.06_09.00.00.jpg,0.9410667419433594,X1.1,"(49.497108156306524, -18)",2012-07-06 23:01:00
2012/07/06/HMI.m2012.07.06_10.00.00.jpg,0.9478861689567566,X1.1,"(49.497108156306524, -18)",2012-07-06 23:01:00
2012/07/06/HMI.m2012.07.06_11.00.00.jpg,0.947881281375885,X1.1,"(49.497108156306524, -18)",2012-07-06 23:01:00
2012/07/06/HMI.m2012.07.06_12.00.00.jpg,0.9299758076667786,X1.1,"(49.497108156306524, -18)",2012-07-06 23:01:00
2012/07/06/HMI.m2012.07.06_13.00.00.jpg,0.921176254749298,X1.1,"(49.497108156306524, -18)",2012-07-06 23:01:00
2012/07/06/HMI.m2012.07.06_15.00.00.jpg,0.947799563407898,X1.1,"(49.497108156306524, -18)",2012-07-06 23:01:00
2012/07/06/HMI.m2012.07.06_16.00.00.jpg,0.9493840932846068,X1.1,"(49.497108156306524, -18)",2012-07-06 23:01:00
2012/07/06/HMI.m2012.07.06_17.00.00.jpg,0.935827910900116,X1.1,"(49.497108156306524, -18)",2012-07-06 23:01:00
2012/07/06/HMI.m2012.07.06_20.00.00.jpg,0.9197346568107604,X1.1,"(49.497108156306524, -18)",2012-07-06 23:01:00
2012/07/06/HMI.m2012.07.06_21.00.00.jpg,0.9327228665351868,X1.1,"(49.497108156306524, -18)",2012-07-06 23:01:00
2012/07/06/HMI.m2012.07.06_22.00.00.jpg,0.9073519706726074,X1.1,"(49.497108156306524, -18)",2012-07-06 23:01:00
2012/07/06/HMI.m2012.07.06_23.00.00.jpg,0.910262405872345,X1.1,"(49.497108156306524, -18)",2012-07-06 23:01:00
2012/07/11/HMI.m2012.07.11_16.00.00.jpg,0.6158956289291382,X1.4,"(1, -15)",2012-07-12 15:37:00
2012/07/11/HMI.m2012.07.11_17.00.00.jpg,0.7947458624839783,X1.4,"(1, -15)",2012-07-12 15:37:00
2012/07/11/HMI.m2012.07.11_18.00.00.jpg,0.6895426511764526,X1.4,"(1, -15)",2012-07-12 15:37:00
2012/07/11/HMI.m2012.07.11_19.00.00.jpg,0.72862708568573,X1.4,"(1, -15)",2012-07-12 15:37:00
2012/07/11/HMI.m2012.07.11_20.00.00.jpg,0.7310661673545837,X1.4,"(1, -15)",2012-07-12 15:37:00
2012/07/11/HMI.m2012.07.11_21.00.00.jpg,0.675093948841095,X1.4,"(1, -15)",2012-07-12 15:37:00
2012/07/11/HMI.m2012.07.11_22.00.00.jpg,0.6374927163124084,X1.4,"(1, -15)",2012-07-12 15:37:00
2012/07/11/HMI.m2012.07.11_23.00.00.jpg,0.6332746744155884,X1.4,"(1, -15)",2012-07-12 15:37:00
2012/07/12/HMI.m2012.07.12_00.00.00.jpg,0.5977059006690979,X1.4,"(1, -15)",2012-07-12 15:37:00
2012/07/12/HMI.m2012.07.12_01.00.00.jpg,0.5226789712905884,X1.4,"(1, -15)",2012-07-12 15:37:00
2012/07/12/HMI.m2012.07.12_02.00.00.jpg,0.5385080575942993,X1.4,"(1, -15)",2012-07-12 15:37:00
2012/07/12/HMI.m2012.07.12_03.00.00.jpg,0.4547637104988098,X1.4,"(1, -15)",2012-07-12 15:37:00
2012/07/12/HMI.m2012.07.12_04.00.00.jpg,0.552361249923706,X1.4,"(1, -15)",2012-07-12 15:37:00
2012/07/12/HMI.m2012.07.12_05.00.00.jpg,0.5778090953826904,X1.4,"(1, -15)",2012-07-12 15:37:00
2012/07/12/HMI.m2012.07.12_06.00.00.jpg,0.4541873335838318,X1.4,"(1, -15)",2012-07-12 15:37:00
2012/07/12/HMI.m2012.07.12_07.00.00.jpg,0.5344562530517578,X1.4,"(1, -15)",2012-07-12 15:37:00
2012/07/12/HMI.m2012.07.12_08.00.00.jpg,0.6360658407211304,X1.4,"(1, -15)",2012-07-12 15:37:00
2012/07/12/HMI.m2012.07.12_09.00.00.jpg,0.588254988193512,X1.4,"(1, -15)",2012-07-12 15:37:00
2012/07/12/HMI.m2012.07.12_10.00.00.jpg,0.5803467035293579,X1.4,"(1, -15)",2012-07-12 15:37:00
2012/07/12/HMI.m2012.07.12_11.00.00.jpg,0.6473874449729919,X1.4,"(1, -15)",2012-07-12 15:37:00
2012/07/12/HMI.m2012.07.12_12.00.00.jpg,0.6490762829780579,X1.4,"(1, -15)",2012-07-12 15:37:00
2012/07/12/HMI.m2012.07.12_13.00.00.jpg,0.6572510600090027,X1.4,"(1, -15)",2012-07-12 15:37:00
2012/07/12/HMI.m2012.07.12_14.00.00.jpg,0.4862500131130218,X1.4,"(1, -15)",2012-07-12 15:37:00
2012/07/12/HMI.m2012.07.12_15.00.00.jpg,0.6228188872337341,X1.4,"(1, -15)",2012-07-12 15:37:00
2014/09/09/HMI.m2014.09.09_18.00.00.jpg,0.8166823983192444,X1.6,"(-2, 14)",2014-09-10 17:21:00
2014/09/09/HMI.m2014.09.09_19.00.00.jpg,0.879875123500824,X1.6,"(-2, 14)",2014-09-10 17:21:00
2014/09/09/HMI.m2014.09.09_20.00.00.jpg,0.8153946399688721,X1.6,"(-2, 14)",2014-09-10 17:21:00
2014/09/09/HMI.m2014.09.09_21.00.00.jpg,0.8566610217094421,X1.6,"(-2, 14)",2014-09-10 17:21:00
2014/09/09/HMI.m2014.09.09_22.00.00.jpg,0.8879503607749939,X1.6,"(-2, 14)",2014-09-10 17:21:00
2014/09/09/HMI.m2014.09.09_23.00.00.jpg,0.8695701956748962,X1.6,"(-2, 14)",2014-09-10 17:21:00
2014/09/10/HMI.m2014.09.10_00.00.00.jpg,0.8236934542655945,X1.6,"(-2, 14)",2014-09-10 17:21:00
2014/09/10/HMI.m2014.09.10_03.00.00.jpg,0.8876718282699585,X1.6,"(-2, 14)",2014-09-10 17:21:00
2014/09/10/HMI.m2014.09.10_04.00.00.jpg,0.913817822933197,X1.6,"(-2, 14)",2014-09-10 17:21:00
2014/09/10/HMI.m2014.09.10_05.00.00.jpg,0.8916686177253723,X1.6,"(-2, 14)",2014-09-10 17:21:00
2014/09/10/HMI.m2014.09.10_06.00.00.jpg,0.8660838007926941,X1.6,"(-2, 14)",2014-09-10 17:21:00
2014/09/10/HMI.m2014.09.10_08.00.00.jpg,0.8824562430381775,X1.6,"(-2, 14)",2014-09-10 17:21:00
2014/09/10/HMI.m2014.09.10_09.00.00.jpg,0.74528968334198,X1.6,"(-2, 14)",2014-09-10 17:21:00
2014/09/10/HMI.m2014.09.10_10.00.00.jpg,0.7263070940971375,X1.6,"(-2, 14)",2014-09-10 17:21:00
2014/09/10/HMI.m2014.09.10_11.00.00.jpg,0.7476551532745361,X1.6,"(-2, 14)",2014-09-10 17:21:00
2014/09/10/HMI.m2014.09.10_12.00.00.jpg,0.6889005303382874,X1.6,"(-2, 14)",2014-09-10 17:21:00
2014/09/10/HMI.m2014.09.10_13.00.00.jpg,0.7488590478897095,X1.6,"(-2, 14)",2014-09-10 17:21:00
2014/09/10/HMI.m2014.09.10_14.00.00.jpg,0.7479425668716431,X1.6,"(-2, 14)",2014-09-10 17:21:00
2014/09/10/HMI.m2014.09.10_15.00.00.jpg,0.737872838973999,X1.6,"(-2, 14)",2014-09-10 17:21:00
2014/09/10/HMI.m2014.09.10_16.00.00.jpg,0.7147039771080017,X1.6,"(-2, 14)",2014-09-10 17:21:00
2014/09/10/HMI.m2014.09.10_17.00.00.jpg,0.7186631560325623,X1.6,"(-2, 14)",2014-09-10 17:21:00
2017/09/05/HMI.m2017.09.05_09.00.00.jpg,0.468869537115097,X2.2,"(33, -7)",2017-09-06 08:57:00
2017/09/05/HMI.m2017.09.05_10.00.00.jpg,0.4928008317947387,X2.2,"(33, -7)",2017-09-06 08:57:00
2017/09/05/HMI.m2017.09.05_11.00.00.jpg,0.5327507257461548,X2.2,"(33, -7)",2017-09-06 08:57:00
2017/09/05/HMI.m2017.09.05_12.00.00.jpg,0.5281446576118469,X9.3,"(33, -8)",2017-09-06 11:53:00
2017/09/05/HMI.m2017.09.05_13.00.00.jpg,0.4360653758049011,X9.3,"(33, -8)",2017-09-06 11:53:00
2017/09/05/HMI.m2017.09.05_14.00.00.jpg,0.4561165869235992,X9.3,"(33, -8)",2017-09-06 11:53:00
2017/09/05/HMI.m2017.09.05_15.00.00.jpg,0.3687514662742615,X9.3,"(33, -8)",2017-09-06 11:53:00
2017/09/05/HMI.m2017.09.05_16.00.00.jpg,0.5410610437393188,X9.3,"(33, -8)",2017-09-06 11:53:00
2017/09/05/HMI.m2017.09.05_17.00.00.jpg,0.5071810483932495,X9.3,"(33, -8)",2017-09-06 11:53:00
2017/09/05/HMI.m2017.09.05_18.00.00.jpg,0.6612308025360107,X9.3,"(33, -8)",2017-09-06 11:53:00
2017/09/05/HMI.m2017.09.05_19.00.00.jpg,0.5664426684379578,X9.3,"(33, -8)",2017-09-06 11:53:00
2017/09/05/HMI.m2017.09.05_20.00.00.jpg,0.5635786652565002,X9.3,"(33, -8)",2017-09-06 11:53:00
2017/09/05/HMI.m2017.09.05_21.00.00.jpg,0.8259747624397278,X9.3,"(33, -8)",2017-09-06 11:53:00
2017/09/05/HMI.m2017.09.05_22.00.00.jpg,0.8361504077911377,X9.3,"(33, -8)",2017-09-06 11:53:00
2017/09/05/HMI.m2017.09.05_23.00.00.jpg,0.7958819270133972,X9.3,"(33, -8)",2017-09-06 11:53:00
2017/09/06/HMI.m2017.09.06_00.00.00.jpg,0.7409060597419739,X9.3,"(33, -8)",2017-09-06 11:53:00
2017/09/06/HMI.m2017.09.06_01.00.00.jpg,0.7190036177635193,X9.3,"(33, -8)",2017-09-06 11:53:00
2017/09/06/HMI.m2017.09.06_02.00.00.jpg,0.8047630190849304,X9.3,"(33, -8)",2017-09-06 11:53:00
2017/09/06/HMI.m2017.09.06_03.00.00.jpg,0.6843382716178894,X9.3,"(33, -8)",2017-09-06 11:53:00
2017/09/06/HMI.m2017.09.06_04.00.00.jpg,0.5571158528327942,X9.3,"(33, -8)",2017-09-06 11:53:00
2017/09/06/HMI.m2017.09.06_05.00.00.jpg,0.5729225873947144,X9.3,"(33, -8)",2017-09-06 11:53:00
2017/09/06/HMI.m2017.09.06_06.00.00.jpg,0.7151547074317932,X9.3,"(33, -8)",2017-09-06 11:53:00
2017/09/06/HMI.m2017.09.06_08.00.00.jpg,0.6922357678413391,X9.3,"(33, -8)",2017-09-06 11:53:00
2017/09/06/HMI.m2017.09.06_09.00.00.jpg,0.7308048605918884,X9.3,"(33, -8)",2017-09-06 11:53:00
2017/09/06/HMI.m2017.09.06_10.00.00.jpg,0.7286019325256348,X9.3,"(33, -8)",2017-09-06 11:53:00
2017/09/06/HMI.m2017.09.06_11.00.00.jpg,0.7523146867752075,X9.3,"(33, -8)",2017-09-06 11:53:00
2017/09/06/HMI.m2017.09.06_15.00.00.jpg,0.5828838348388672,X1.3,"(49, -11)",2017-09-07 14:20:00
2017/09/06/HMI.m2017.09.06_16.00.00.jpg,0.6381257176399231,X1.3,"(49, -11)",2017-09-07 14:20:00
2017/09/06/HMI.m2017.09.06_17.00.00.jpg,0.7375418543815613,X1.3,"(49, -11)",2017-09-07 14:20:00
2017/09/06/HMI.m2017.09.06_18.00.00.jpg,0.703692615032196,X1.3,"(49, -11)",2017-09-07 14:20:00
2017/09/06/HMI.m2017.09.06_19.00.00.jpg,0.7497848868370056,X1.3,"(49, -11)",2017-09-07 14:20:00
2017/09/06/HMI.m2017.09.06_20.00.00.jpg,0.777014970779419,X1.3,"(49, -11)",2017-09-07 14:20:00
2017/09/06/HMI.m2017.09.06_21.00.00.jpg,0.7589676380157471,X1.3,"(49, -11)",2017-09-07 14:20:00
2017/09/06/HMI.m2017.09.06_22.00.00.jpg,0.8037595152854919,X1.3,"(49, -11)",2017-09-07 14:20:00
2017/09/06/HMI.m2017.09.06_23.00.00.jpg,0.6998739242553711,X1.3,"(49, -11)",2017-09-07 14:20:00
2017/09/07/HMI.m2017.09.07_00.00.00.jpg,0.7163662314414978,X1.3,"(49, -11)",2017-09-07 14:20:00
2017/09/07/HMI.m2017.09.07_01.00.00.jpg,0.6083922386169434,X1.3,"(49, -11)",2017-09-07 14:20:00
2017/09/07/HMI.m2017.09.07_02.00.00.jpg,0.6075928807258606,X1.3,"(49, -11)",2017-09-07 14:20:00
2017/09/07/HMI.m2017.09.07_03.00.00.jpg,0.6794841885566711,X1.3,"(49, -11)",2017-09-07 14:20:00
2017/09/07/HMI.m2017.09.07_04.00.00.jpg,0.7283451557159424,X1.3,"(49, -11)",2017-09-07 14:20:00
2017/09/07/HMI.m2017.09.07_05.00.00.jpg,0.6497288942337036,X1.3,"(49, -11)",2017-09-07 14:20:00
2017/09/07/HMI.m2017.09.07_06.00.00.jpg,0.789849579334259,X1.3,"(49, -11)",2017-09-07 14:20:00
2017/09/07/HMI.m2017.09.07_08.00.00.jpg,0.5467114448547363,X1.3,"(49, -11)",2017-09-07 14:20:00
2017/09/07/HMI.m2017.09.07_09.00.00.jpg,0.6279056072235107,X1.3,"(49, -11)",2017-09-07 14:20:00
2017/09/07/HMI.m2017.09.07_10.00.00.jpg,0.5839995741844177,X1.3,"(49, -11)",2017-09-07 14:20:00
2017/09/07/HMI.m2017.09.07_11.00.00.jpg,0.4100524187088012,X1.3,"(49, -11)",2017-09-07 14:20:00
2017/09/07/HMI.m2017.09.07_12.00.00.jpg,0.4917693138122558,X1.3,"(49, -11)",2017-09-07 14:20:00
2017/09/07/HMI.m2017.09.07_13.00.00.jpg,0.4981654286384582,X1.3,"(49, -11)",2017-09-07 14:20:00
2017/09/07/HMI.m2017.09.07_14.00.00.jpg,0.6527765393257141,X1.3,"(49, -11)",2017-09-07 14:20:00
2017/09/09/HMI.m2017.09.09_16.00.00.jpg,0.1655792891979217,X8.2,"(90, -9)",2017-09-10 15:35:00
2017/09/09/HMI.m2017.09.09_17.00.00.jpg,0.2077779024839401,X8.2,"(90, -9)",2017-09-10 15:35:00
2017/09/09/HMI.m2017.09.09_18.00.00.jpg,0.1645487695932388,X8.2,"(90, -9)",2017-09-10 15:35:00
2017/09/09/HMI.m2017.09.09_19.00.00.jpg,0.114986278116703,X8.2,"(90, -9)",2017-09-10 15:35:00
2017/09/09/HMI.m2017.09.09_20.00.00.jpg,0.167157232761383,X8.2,"(90, -9)",2017-09-10 15:35:00
2017/09/09/HMI.m2017.09.09_21.00.00.jpg,0.1607359647750854,X8.2,"(90, -9)",2017-09-10 15:35:00
2017/09/09/HMI.m2017.09.09_22.00.00.jpg,0.1496410071849823,X8.2,"(90, -9)",2017-09-10 15:35:00
2017/09/09/HMI.m2017.09.09_23.00.00.jpg,0.163846880197525,X8.2,"(90, -9)",2017-09-10 15:35:00
2017/09/10/HMI.m2017.09.10_00.00.00.jpg,0.1509325951337814,X8.2,"(90, -9)",2017-09-10 15:35:00
2017/09/10/HMI.m2017.09.10_01.00.00.jpg,0.1501825749874115,X8.2,"(90, -9)",2017-09-10 15:35:00
2017/09/10/HMI.m2017.09.10_02.00.00.jpg,0.1255620718002319,X8.2,"(90, -9)",2017-09-10 15:35:00
2017/09/10/HMI.m2017.09.10_03.00.00.jpg,0.156992882490158,X8.2,"(90, -9)",2017-09-10 15:35:00
2017/09/10/HMI.m2017.09.10_04.00.00.jpg,0.1909091174602508,X8.2,"(90, -9)",2017-09-10 15:35:00
2017/09/10/HMI.m2017.09.10_05.00.00.jpg,0.163797914981842,X8.2,"(90, -9)",2017-09-10 15:35:00
2017/09/10/HMI.m2017.09.10_06.00.00.jpg,0.1440942883491516,X8.2,"(90, -9)",2017-09-10 15:35:00
2017/09/10/HMI.m2017.09.10_07.00.00.jpg,0.1288583427667617,X8.2,"(90, -9)",2017-09-10 15:35:00
2017/09/10/HMI.m2017.09.10_08.00.00.jpg,0.0938145071268081,X8.2,"(90, -9)",2017-09-10 15:35:00
2017/09/10/HMI.m2017.09.10_09.00.00.jpg,0.1281048059463501,X8.2,"(90, -9)",2017-09-10 15:35:00
2017/09/10/HMI.m2017.09.10_10.00.00.jpg,0.117646113038063,X8.2,"(90, -9)",2017-09-10 15:35:00
2017/09/10/HMI.m2017.09.10_11.00.00.jpg,0.1125005409121513,X8.2,"(90, -9)",2017-09-10 15:35:00
2017/09/10/HMI.m2017.09.10_12.00.00.jpg,0.0987159833312034,X8.2,"(90, -9)",2017-09-10 15:35:00
2017/09/10/HMI.m2017.09.10_13.00.00.jpg,0.0890185534954071,X8.2,"(90, -9)",2017-09-10 15:35:00
2017/09/10/HMI.m2017.09.10_14.00.00.jpg,0.085870087146759,X8.2,"(90, -9)",2017-09-10 15:35:00
2017/09/10/HMI.m2017.09.10_15.00.00.jpg,0.0712425261735916,X8.2,"(90, -9)",2017-09-10 15:35:00
2011/11/02/HMI.m2011.11.02_21.00.00.jpg,0.9545613527297974,X1.9,"(-63, 22)",2011-11-03 20:16:00
2011/11/02/HMI.m2011.11.02_22.00.00.jpg,0.9452264904975892,X1.9,"(-63, 22)",2011-11-03 20:16:00
2011/11/02/HMI.m2011.11.02_23.00.00.jpg,0.9454424381256104,X1.9,"(-63, 22)",2011-11-03 20:16:00
2011/11/03/HMI.m2011.11.03_00.00.00.jpg,0.9269886016845704,X1.9,"(-63, 22)",2011-11-03 20:16:00
2011/11/03/HMI.m2011.11.03_01.00.00.jpg,0.944802224636078,X1.9,"(-63, 22)",2011-11-03 20:16:00
2011/11/03/HMI.m2011.11.03_02.00.00.jpg,0.9519866108894348,X1.9,"(-63, 22)",2011-11-03 20:16:00
2011/11/03/HMI.m2011.11.03_03.00.00.jpg,0.9608593583106996,X1.9,"(-63, 22)",2011-11-03 20:16:00
2011/11/03/HMI.m2011.11.03_04.00.00.jpg,0.9715363383293152,X1.9,"(-63, 22)",2011-11-03 20:16:00
2011/11/03/HMI.m2011.11.03_05.00.00.jpg,0.9677504301071168,X1.9,"(-63, 22)",2011-11-03 20:16:00
2011/11/03/HMI.m2011.11.03_06.00.00.jpg,0.952798306941986,X1.9,"(-63, 22)",2011-11-03 20:16:00
2011/11/03/HMI.m2011.11.03_07.00.00.jpg,0.967808723449707,X1.9,"(-63, 22)",2011-11-03 20:16:00
2011/11/03/HMI.m2011.11.03_08.00.00.jpg,0.952367901802063,X1.9,"(-63, 22)",2011-11-03 20:16:00
2011/11/03/HMI.m2011.11.03_09.00.00.jpg,0.9505451917648317,X1.9,"(-63, 22)",2011-11-03 20:16:00
2011/11/03/HMI.m2011.11.03_10.00.00.jpg,0.9492165446281432,X1.9,"(-63, 22)",2011-11-03 20:16:00
2011/11/03/HMI.m2011.11.03_11.00.00.jpg,0.9291701912879944,X1.9,"(-63, 22)",2011-11-03 20:16:00
2011/11/03/HMI.m2011.11.03_12.00.00.jpg,0.947653830051422,X1.9,"(-63, 22)",2011-11-03 20:16:00
2011/11/03/HMI.m2011.11.03_13.00.00.jpg,0.9412184953689576,X1.9,"(-63, 22)",2011-11-03 20:16:00
2011/11/03/HMI.m2011.11.03_14.00.00.jpg,0.9596498012542723,X1.9,"(-63, 22)",2011-11-03 20:16:00
2011/11/03/HMI.m2011.11.03_15.00.00.jpg,0.9651311039924622,X1.9,"(-63, 22)",2011-11-03 20:16:00
2011/11/03/HMI.m2011.11.03_16.00.00.jpg,0.9498322606086732,X1.9,"(-63, 22)",2011-11-03 20:16:00
2011/11/03/HMI.m2011.11.03_17.00.00.jpg,0.953590214252472,X1.9,"(-63, 22)",2011-11-03 20:16:00
2011/11/03/HMI.m2011.11.03_18.00.00.jpg,0.9633343815803528,X1.9,"(-63, 22)",2011-11-03 20:16:00
2011/11/03/HMI.m2011.11.03_19.00.00.jpg,0.9540029168128968,X1.9,"(-63, 22)",2011-11-03 20:16:00
2011/11/03/HMI.m2011.11.03_20.00.00.jpg,0.9593272805213928,X1.9,"(-63, 22)",2011-11-03 20:16:00
2012/10/22/HMI.m2012.10.22_04.00.00.jpg,0.6808820962905884,X1.8,"(-54.076978753903276, -10)",2012-10-23 03:13:00
2012/10/22/HMI.m2012.10.22_05.00.00.jpg,0.6855140924453735,X1.8,"(-54.076978753903276, -10)",2012-10-23 03:13:00
2012/10/22/HMI.m2012.10.22_06.00.00.jpg,0.7279065847396851,X1.8,"(-54.076978753903276, -10)",2012-10-23 03:13:00
2012/10/22/HMI.m2012.10.22_07.00.00.jpg,0.5789293646812439,X1.8,"(-54.076978753903276, -10)",2012-10-23 03:13:00
2012/10/22/HMI.m2012.10.22_08.00.00.jpg,0.531292736530304,X1.8,"(-54.076978753903276, -10)",2012-10-23 03:13:00
2012/10/22/HMI.m2012.10.22_09.00.00.jpg,0.6867797374725342,X1.8,"(-54.076978753903276, -10)",2012-10-23 03:13:00
2012/10/22/HMI.m2012.10.22_10.00.00.jpg,0.6912713050842285,X1.8,"(-54.076978753903276, -10)",2012-10-23 03:13:00
2012/10/22/HMI.m2012.10.22_11.00.00.jpg,0.6829348206520081,X1.8,"(-54.076978753903276, -10)",2012-10-23 03:13:00
2012/10/22/HMI.m2012.10.22_12.00.00.jpg,0.5833261609077454,X1.8,"(-54.076978753903276, -10)",2012-10-23 03:13:00
2012/10/22/HMI.m2012.10.22_13.00.00.jpg,0.5658418536186218,X1.8,"(-54.076978753903276, -10)",2012-10-23 03:13:00
2012/10/22/HMI.m2012.10.22_14.00.00.jpg,0.5476706624031067,X1.8,"(-54.076978753903276, -10)",2012-10-23 03:13:00
2012/10/22/HMI.m2012.10.22_15.00.00.jpg,0.5712881088256836,X1.8,"(-54.076978753903276, -10)",2012-10-23 03:13:00
2012/10/22/HMI.m2012.10.22_16.00.00.jpg,0.6551843285560608,X1.8,"(-54.076978753903276, -10)",2012-10-23 03:13:00
2012/10/22/HMI.m2012.10.22_17.00.00.jpg,0.7073594331741333,X1.8,"(-54.076978753903276, -10)",2012-10-23 03:13:00
2012/10/22/HMI.m2012.10.22_18.00.00.jpg,0.7133057713508606,X1.8,"(-54.076978753903276, -10)",2012-10-23 03:13:00
2012/10/22/HMI.m2012.10.22_19.00.00.jpg,0.6406851410865784,X1.8,"(-54.076978753903276, -10)",2012-10-23 03:13:00
2012/10/22/HMI.m2012.10.22_20.00.00.jpg,0.6254892945289612,X1.8,"(-54.076978753903276, -10)",2012-10-23 03:13:00
2012/10/22/HMI.m2012.10.22_21.00.00.jpg,0.6465713977813721,X1.8,"(-54.076978753903276, -10)",2012-10-23 03:13:00
2012/10/22/HMI.m2012.10.22_22.00.00.jpg,0.6167120337486267,X1.8,"(-54.076978753903276, -10)",2012-10-23 03:13:00
2012/10/22/HMI.m2012.10.22_23.00.00.jpg,0.6999046802520752,X1.8,"(-54.076978753903276, -10)",2012-10-23 03:13:00
2012/10/23/HMI.m2012.10.23_00.00.00.jpg,0.6074674725532532,X1.8,"(-54.076978753903276, -10)",2012-10-23 03:13:00
2012/10/23/HMI.m2012.10.23_01.00.00.jpg,0.7099944949150085,X1.8,"(-54.076978753903276, -10)",2012-10-23 03:13:00
2012/10/23/HMI.m2012.10.23_02.00.00.jpg,0.6594606041908264,X1.8,"(-54.076978753903276, -10)",2012-10-23 03:13:00
2012/10/23/HMI.m2012.10.23_03.00.00.jpg,0.7136502861976624,X1.8,"(-54.076978753903276, -10)",2012-10-23 03:13:00
2013/10/24/HMI.m2013.10.24_08.00.00.jpg,0.9283958673477172,X1.7,"(-68.2981612654861, -8)",2013-10-25 07:53:00
2013/10/24/HMI.m2013.10.24_09.00.00.jpg,0.926550269126892,X1.7,"(-68.2981612654861, -8)",2013-10-25 07:53:00
2013/10/24/HMI.m2013.10.24_10.00.00.jpg,0.942246437072754,X1.7,"(-68.2981612654861, -8)",2013-10-25 07:53:00
2013/10/24/HMI.m2013.10.24_11.00.00.jpg,0.9485644698143004,X1.7,"(-68.2981612654861, -8)",2013-10-25 07:53:00
2013/10/24/HMI.m2013.10.24_12.00.00.jpg,0.9266942739486694,X1.7,"(-68.2981612654861, -8)",2013-10-25 07:53:00
2013/10/24/HMI.m2013.10.24_13.00.00.jpg,0.9423633217811584,X1.7,"(-68.2981612654861, -8)",2013-10-25 07:53:00
2013/10/24/HMI.m2013.10.24_16.00.00.jpg,0.985996663570404,X2.1,"(-64.24924615474836, -8)",2013-10-25 14:51:00
2013/10/24/HMI.m2013.10.24_20.00.00.jpg,0.9781240224838256,X2.1,"(-64.24924615474836, -8)",2013-10-25 14:51:00
2013/10/24/HMI.m2013.10.24_21.00.00.jpg,0.9858191013336182,X2.1,"(-64.24924615474836, -8)",2013-10-25 14:51:00
2013/10/24/HMI.m2013.10.24_22.00.00.jpg,0.9860499501228333,X2.1,"(-64.24924615474836, -8)",2013-10-25 14:51:00
2013/10/24/HMI.m2013.10.24_23.00.00.jpg,0.9816051125526428,X2.1,"(-64.24924615474836, -8)",2013-10-25 14:51:00
2013/10/25/HMI.m2013.10.25_00.00.00.jpg,0.9785529375076294,X2.1,"(-64.24924615474836, -8)",2013-10-25 14:51:00
2013/10/25/HMI.m2013.10.25_01.00.00.jpg,0.984093964099884,X2.1,"(-64.24924615474836, -8)",2013-10-25 14:51:00
2013/10/25/HMI.m2013.10.25_02.00.00.jpg,0.9737848043441772,X2.1,"(-64.24924615474836, -8)",2013-10-25 14:51:00
2013/10/25/HMI.m2013.10.25_03.00.00.jpg,0.9790016412734984,X2.1,"(-64.24924615474836, -8)",2013-10-25 14:51:00
2013/10/25/HMI.m2013.10.25_04.00.00.jpg,0.980658769607544,X2.1,"(-64.24924615474836, -8)",2013-10-25 14:51:00
2013/10/25/HMI.m2013.10.25_05.00.00.jpg,0.9825485944747924,X2.1,"(-64.24924615474836, -8)",2013-10-25 14:51:00
2013/10/25/HMI.m2013.10.25_06.00.00.jpg,0.9827775955200196,X2.1,"(-64.24924615474836, -8)",2013-10-25 14:51:00
2013/10/25/HMI.m2013.10.25_07.00.00.jpg,0.9793144464492798,X2.1,"(-64.24924615474836, -8)",2013-10-25 14:51:00
2013/10/25/HMI.m2013.10.25_08.00.00.jpg,0.98869788646698,X2.1,"(-64.24924615474836, -8)",2013-10-25 14:51:00
2013/10/25/HMI.m2013.10.25_09.00.00.jpg,0.987070858478546,X2.1,"(-64.24924615474836, -8)",2013-10-25 14:51:00
2013/10/25/HMI.m2013.10.25_10.00.00.jpg,0.8020133376121521,X2.1,"(-64.24924615474836, -8)",2013-10-25 14:51:00
2013/10/25/HMI.m2013.10.25_11.00.00.jpg,0.7962669134140015,X2.1,"(-64.24924615474836, -8)",2013-10-25 14:51:00
2013/10/25/HMI.m2013.10.25_12.00.00.jpg,0.7712084054946899,X2.1,"(-64.24924615474836, -8)",2013-10-25 14:51:00
2013/10/25/HMI.m2013.10.25_13.00.00.jpg,0.7592060565948486,X2.1,"(-64.24924615474836, -8)",2013-10-25 14:51:00
2013/10/25/HMI.m2013.10.25_14.00.00.jpg,0.862879753112793,X2.1,"(-64.24924615474836, -8)",2013-10-25 14:51:00
2013/10/27/HMI.m2013.10.27_02.00.00.jpg,0.9623634219169616,X1.0,"(66, 4)",2013-10-28 01:41:00
2013/10/27/HMI.m2013.10.27_03.00.00.jpg,0.9770575761795044,X1.0,"(66, 4)",2013-10-28 01:41:00
2013/10/27/HMI.m2013.10.27_04.00.00.jpg,0.9732062816619872,X1.0,"(66, 4)",2013-10-28 01:41:00
2013/10/27/HMI.m2013.10.27_05.00.00.jpg,0.9714267253875732,X1.0,"(66, 4)",2013-10-28 01:41:00
2013/10/27/HMI.m2013.10.27_06.00.00.jpg,0.966753363609314,X1.0,"(66, 4)",2013-10-28 01:41:00
2013/10/27/HMI.m2013.10.27_07.00.00.jpg,0.974818229675293,X1.0,"(66, 4)",2013-10-28 01:41:00
2013/10/27/HMI.m2013.10.27_08.00.00.jpg,0.97773677110672,X1.0,"(66, 4)",2013-10-28 01:41:00
2013/10/27/HMI.m2013.10.27_09.00.00.jpg,0.982340931892395,X1.0,"(66, 4)",2013-10-28 01:41:00
2013/10/27/HMI.m2013.10.27_10.00.00.jpg,0.9808577299118042,X1.0,"(66, 4)",2013-10-28 01:41:00
2013/10/27/HMI.m2013.10.27_11.00.00.jpg,0.9750656485557556,X1.0,"(66, 4)",2013-10-28 01:41:00
2013/10/27/HMI.m2013.10.27_12.00.00.jpg,0.9775236248970032,X1.0,"(66, 4)",2013-10-28 01:41:00
2013/10/27/HMI.m2013.10.27_13.00.00.jpg,0.9639716148376464,X1.0,"(66, 4)",2013-10-28 01:41:00
2013/10/27/HMI.m2013.10.27_14.00.00.jpg,0.9800843000411988,X1.0,"(66, 4)",2013-10-28 01:41:00
2013/10/27/HMI.m2013.10.27_15.00.00.jpg,0.9548768997192384,X1.0,"(66, 4)",2013-10-28 01:41:00
2013/10/27/HMI.m2013.10.27_16.00.00.jpg,0.9619693160057068,X1.0,"(66, 4)",2013-10-28 01:41:00
2013/10/27/HMI.m2013.10.27_17.00.00.jpg,0.942430019378662,X1.0,"(66, 4)",2013-10-28 01:41:00
2013/10/27/HMI.m2013.10.27_18.00.00.jpg,0.9644419550895692,X1.0,"(66, 4)",2013-10-28 01:41:00
2013/10/27/HMI.m2013.10.27_19.00.00.jpg,0.9668715000152588,X1.0,"(66, 4)",2013-10-28 01:41:00
2013/10/27/HMI.m2013.10.27_20.00.00.jpg,0.9697905778884888,X1.0,"(66, 4)",2013-10-28 01:41:00
2013/10/27/HMI.m2013.10.27_21.00.00.jpg,0.977141261100769,X1.0,"(66, 4)",2013-10-28 01:41:00
2013/10/27/HMI.m2013.10.27_22.00.00.jpg,0.9744875431060792,X1.0,"(66, 4)",2013-10-28 01:41:00
2013/10/27/HMI.m2013.10.27_23.00.00.jpg,0.9718878269195556,X1.0,"(66, 4)",2013-10-28 01:41:00
2013/10/28/HMI.m2013.10.28_00.00.00.jpg,0.9841708540916444,X1.0,"(66, 4)",2013-10-28 01:41:00
2013/10/28/HMI.m2013.10.28_01.00.00.jpg,0.984208047389984,X1.0,"(66, 4)",2013-10-28 01:41:00
2013/10/29/HMI.m2013.10.29_00.00.00.jpg,0.9479286074638368,X2.3,"(90, 6)",2013-10-29 21:42:00
2013/10/29/HMI.m2013.10.29_01.00.00.jpg,0.936866819858551,X2.3,"(90, 6)",2013-10-29 21:42:00
2013/10/29/HMI.m2013.10.29_02.00.00.jpg,0.9414104223251344,X2.3,"(90, 6)",2013-10-29 21:42:00
2013/10/29/HMI.m2013.10.29_03.00.00.jpg,0.951697587966919,X2.3,"(90, 6)",2013-10-29 21:42:00
2013/10/29/HMI.m2013.10.29_04.00.00.jpg,0.968641757965088,X2.3,"(90, 6)",2013-10-29 21:42:00
2013/10/29/HMI.m2013.10.29_05.00.00.jpg,0.9433815479278564,X2.3,"(90, 6)",2013-10-29 21:42:00
2013/10/29/HMI.m2013.10.29_06.00.00.jpg,0.935830295085907,X2.3,"(90, 6)",2013-10-29 21:42:00
2013/10/29/HMI.m2013.10.29_07.00.00.jpg,0.950865626335144,X2.3,"(90, 6)",2013-10-29 21:42:00
2013/10/29/HMI.m2013.10.29_08.00.00.jpg,0.936568796634674,X2.3,"(90, 6)",2013-10-29 21:42:00
2013/10/29/HMI.m2013.10.29_09.00.00.jpg,0.9513537287712096,X2.3,"(90, 6)",2013-10-29 21:42:00
2013/10/29/HMI.m2013.10.29_10.00.00.jpg,0.9621078968048096,X2.3,"(90, 6)",2013-10-29 21:42:00
2013/11/04/HMI.m2013.11.04_23.00.00.jpg,0.9228007793426514,X3.3,"(-46, -12)",2013-11-05 22:07:00
2013/11/05/HMI.m2013.11.05_00.00.00.jpg,0.9118399024009703,X3.3,"(-46, -12)",2013-11-05 22:07:00
2013/11/05/HMI.m2013.11.05_01.00.00.jpg,0.915843904018402,X3.3,"(-46, -12)",2013-11-05 22:07:00
2013/11/05/HMI.m2013.11.05_02.00.00.jpg,0.8851516842842102,X3.3,"(-46, -12)",2013-11-05 22:07:00
2013/11/05/HMI.m2013.11.05_03.00.00.jpg,0.8719030618667603,X3.3,"(-46, -12)",2013-11-05 22:07:00
2013/11/05/HMI.m2013.11.05_04.00.00.jpg,0.9082895517349244,X3.3,"(-46, -12)",2013-11-05 22:07:00
2013/11/05/HMI.m2013.11.05_05.00.00.jpg,0.912220060825348,X3.3,"(-46, -12)",2013-11-05 22:07:00
2013/11/05/HMI.m2013.11.05_06.00.00.jpg,0.9081445932388306,X3.3,"(-46, -12)",2013-11-05 22:07:00
2013/11/05/HMI.m2013.11.05_07.00.00.jpg,0.8667794466018677,X3.3,"(-46, -12)",2013-11-05 22:07:00
2013/11/05/HMI.m2013.11.05_08.00.00.jpg,0.8232064843177795,X3.3,"(-46, -12)",2013-11-05 22:07:00
2013/11/05/HMI.m2013.11.05_09.00.00.jpg,0.8101263642311096,X3.3,"(-46, -12)",2013-11-05 22:07:00
2013/11/05/HMI.m2013.11.05_10.00.00.jpg,0.830665647983551,X3.3,"(-46, -12)",2013-11-05 22:07:00
2013/11/05/HMI.m2013.11.05_11.00.00.jpg,0.8242273330688477,X3.3,"(-46, -12)",2013-11-05 22:07:00
2013/11/05/HMI.m2013.11.05_12.00.00.jpg,0.8354594111442566,X3.3,"(-46, -12)",2013-11-05 22:07:00
2013/11/05/HMI.m2013.11.05_13.00.00.jpg,0.8572092056274414,X3.3,"(-46, -12)",2013-11-05 22:07:00
2013/11/05/HMI.m2013.11.05_14.00.00.jpg,0.8953577876091003,X3.3,"(-46, -12)",2013-11-05 22:07:00
2013/11/05/HMI.m2013.11.05_15.00.00.jpg,0.8497022390365601,X3.3,"(-46, -12)",2013-11-05 22:07:00
2013/11/05/HMI.m2013.11.05_16.00.00.jpg,0.8587777614593506,X3.3,"(-46, -12)",2013-11-05 22:07:00
2013/11/05/HMI.m2013.11.05_17.00.00.jpg,0.8535955548286438,X3.3,"(-46, -12)",2013-11-05 22:07:00
2013/11/05/HMI.m2013.11.05_18.00.00.jpg,0.853950023651123,X3.3,"(-46, -12)",2013-11-05 22:07:00
2013/11/05/HMI.m2013.11.05_19.00.00.jpg,0.8262046575546265,X3.3,"(-46, -12)",2013-11-05 22:07:00
2013/11/05/HMI.m2013.11.05_20.00.00.jpg,0.8000386357307434,X3.3,"(-46, -12)",2013-11-05 22:07:00
2013/11/05/HMI.m2013.11.05_21.00.00.jpg,0.8988875150680542,X3.3,"(-46, -12)",2013-11-05 22:07:00
2013/11/05/HMI.m2013.11.05_22.00.00.jpg,0.7955736517906189,X3.3,"(-46, -12)",2013-11-05 22:07:00
2013/11/07/HMI.m2013.11.07_05.00.00.jpg,0.9144257307052612,X1.1,"(-15, -14)",2013-11-08 04:20:00
2013/11/07/HMI.m2013.11.07_06.00.00.jpg,0.9041894674301147,X1.1,"(-15, -14)",2013-11-08 04:20:00
2013/11/07/HMI.m2013.11.07_07.00.00.jpg,0.8698794841766357,X1.1,"(-15, -14)",2013-11-08 04:20:00
2013/11/07/HMI.m2013.11.07_08.00.00.jpg,0.8375857472419739,X1.1,"(-15, -14)",2013-11-08 04:20:00
2013/11/07/HMI.m2013.11.07_09.00.00.jpg,0.9036833643913268,X1.1,"(-15, -14)",2013-11-08 04:20:00
2013/11/07/HMI.m2013.11.07_10.00.00.jpg,0.8704807758331299,X1.1,"(-15, -14)",2013-11-08 04:20:00
2013/11/07/HMI.m2013.11.07_11.00.00.jpg,0.866977334022522,X1.1,"(-15, -14)",2013-11-08 04:20:00
2013/11/07/HMI.m2013.11.07_12.00.00.jpg,0.8970019817352295,X1.1,"(-15, -14)",2013-11-08 04:20:00
2013/11/07/HMI.m2013.11.07_13.00.00.jpg,0.8988118171691895,X1.1,"(-15, -14)",2013-11-08 04:20:00
2013/11/07/HMI.m2013.11.07_14.00.00.jpg,0.8697831630706787,X1.1,"(-15, -14)",2013-11-08 04:20:00
2013/11/07/HMI.m2013.11.07_15.00.00.jpg,0.7534915208816528,X1.1,"(-15, -14)",2013-11-08 04:20:00
2013/11/07/HMI.m2013.11.07_16.00.00.jpg,0.8624665141105652,X1.1,"(-15, -14)",2013-11-08 04:20:00
2013/11/07/HMI.m2013.11.07_17.00.00.jpg,0.8603516221046448,X1.1,"(-15, -14)",2013-11-08 04:20:00
2013/11/07/HMI.m2013.11.07_18.00.00.jpg,0.7947547435760498,X1.1,"(-15, -14)",2013-11-08 04:20:00
2013/11/07/HMI.m2013.11.07_19.00.00.jpg,0.6842325329780579,X1.1,"(-15, -14)",2013-11-08 04:20:00
2013/11/07/HMI.m2013.11.07_20.00.00.jpg,0.6713659763336182,X1.1,"(-15, -14)",2013-11-08 04:20:00
2013/11/07/HMI.m2013.11.07_21.00.00.jpg,0.6620155572891235,X1.1,"(-15, -14)",2013-11-08 04:20:00
2013/11/07/HMI.m2013.11.07_22.00.00.jpg,0.580075740814209,X1.1,"(-15, -14)",2013-11-08 04:20:00
2013/11/07/HMI.m2013.11.07_23.00.00.jpg,0.5606306791305542,X1.1,"(-15, -14)",2013-11-08 04:20:00
2013/11/08/HMI.m2013.11.08_00.00.00.jpg,0.5333834290504456,X1.1,"(-15, -14)",2013-11-08 04:20:00
2013/11/08/HMI.m2013.11.08_01.00.00.jpg,0.6415746808052063,X1.1,"(-15, -14)",2013-11-08 04:20:00
2013/11/08/HMI.m2013.11.08_02.00.00.jpg,0.5738855600357056,X1.1,"(-15, -14)",2013-11-08 04:20:00
2013/11/08/HMI.m2013.11.08_03.00.00.jpg,0.7277446389198303,X1.1,"(-15, -14)",2013-11-08 04:20:00
2013/11/08/HMI.m2013.11.08_04.00.00.jpg,0.6487554311752319,X1.1,"(-15, -14)",2013-11-08 04:20:00
2013/11/09/HMI.m2013.11.09_06.00.00.jpg,0.6458426713943481,X1.1,"(13, -14)",2013-11-10 05:08:00
2013/11/10/HMI.m2013.11.10_00.00.00.jpg,0.5457479953765869,X1.1,"(13, -14)",2013-11-10 05:08:00
2013/11/10/HMI.m2013.11.10_01.00.00.jpg,0.6377072334289551,X1.1,"(13, -14)",2013-11-10 05:08:00
2013/11/10/HMI.m2013.11.10_02.00.00.jpg,0.741509735584259,X1.1,"(13, -14)",2013-11-10 05:08:00
2013/11/10/HMI.m2013.11.10_03.00.00.jpg,0.6203582286834717,X1.1,"(13, -14)",2013-11-10 05:08:00
2013/11/10/HMI.m2013.11.10_04.00.00.jpg,0.6921792030334473,X1.1,"(13, -14)",2013-11-10 05:08:00
2013/11/10/HMI.m2013.11.10_05.00.00.jpg,0.7311294674873352,X1.1,"(13, -14)",2013-11-10 05:08:00
2013/11/18/HMI.m2013.11.18_11.00.00.jpg,0.815378725528717,X1.0,"(72.09391758558833, -13)",2013-11-19 10:14:00
2013/11/18/HMI.m2013.11.18_12.00.00.jpg,0.850538969039917,X1.0,"(72.09391758558833, -13)",2013-11-19 10:14:00
2013/11/18/HMI.m2013.11.18_13.00.00.jpg,0.7593786120414734,X1.0,"(72.09391758558833, -13)",2013-11-19 10:14:00
2013/11/18/HMI.m2013.11.18_14.00.00.jpg,0.7977902889251709,X1.0,"(72.09391758558833, -13)",2013-11-19 10:14:00
2013/11/18/HMI.m2013.11.18_15.00.00.jpg,0.7771816253662109,X1.0,"(72.09391758558833, -13)",2013-11-19 10:14:00
2013/11/18/HMI.m2013.11.18_16.00.00.jpg,0.7748508453369141,X1.0,"(72.09391758558833, -13)",2013-11-19 10:14:00
2013/11/18/HMI.m2013.11.18_17.00.00.jpg,0.8310155868530273,X1.0,"(72.09391758558833, -13)",2013-11-19 10:14:00
2013/11/18/HMI.m2013.11.18_18.00.00.jpg,0.7611522078514099,X1.0,"(72.09391758558833, -13)",2013-11-19 10:14:00
2013/11/18/HMI.m2013.11.18_19.00.00.jpg,0.778649091720581,X1.0,"(72.09391758558833, -13)",2013-11-19 10:14:00
2013/11/18/HMI.m2013.11.18_20.00.00.jpg,0.7545372843742371,X1.0,"(72.09391758558833, -13)",2013-11-19 10:14:00
2013/11/18/HMI.m2013.11.18_21.00.00.jpg,0.7036598920822144,X1.0,"(72.09391758558833, -13)",2013-11-19 10:14:00
2013/11/18/HMI.m2013.11.18_22.00.00.jpg,0.8199402093887329,X1.0,"(72.09391758558833, -13)",2013-11-19 10:14:00
2013/11/18/HMI.m2013.11.18_23.00.00.jpg,0.7399540543556213,X1.0,"(72.09391758558833, -13)",2013-11-19 10:14:00
2013/11/19/HMI.m2013.11.19_00.00.00.jpg,0.8360481858253479,X1.0,"(72.09391758558833, -13)",2013-11-19 10:14:00
2013/11/19/HMI.m2013.11.19_01.00.00.jpg,0.8240532875061035,X1.0,"(72.09391758558833, -13)",2013-11-19 10:14:00
2013/11/19/HMI.m2013.11.19_02.00.00.jpg,0.8704805970191956,X1.0,"(72.09391758558833, -13)",2013-11-19 10:14:00
2013/11/19/HMI.m2013.11.19_03.00.00.jpg,0.8785961866378784,X1.0,"(72.09391758558833, -13)",2013-11-19 10:14:00
2013/11/19/HMI.m2013.11.19_04.00.00.jpg,0.780513346195221,X1.0,"(72.09391758558833, -13)",2013-11-19 10:14:00
2013/11/19/HMI.m2013.11.19_05.00.00.jpg,0.8658237457275391,X1.0,"(72.09391758558833, -13)",2013-11-19 10:14:00
2013/11/19/HMI.m2013.11.19_06.00.00.jpg,0.8093693256378174,X1.0,"(72.09391758558833, -13)",2013-11-19 10:14:00
2013/11/19/HMI.m2013.11.19_07.00.00.jpg,0.8227220177650452,X1.0,"(72.09391758558833, -13)",2013-11-19 10:14:00
2013/11/19/HMI.m2013.11.19_08.00.00.jpg,0.8529123663902283,X1.0,"(72.09391758558833, -13)",2013-11-19 10:14:00
2013/11/19/HMI.m2013.11.19_09.00.00.jpg,0.8576920032501221,X1.0,"(72.09391758558833, -13)",2013-11-19 10:14:00
2013/11/19/HMI.m2013.11.19_10.00.00.jpg,0.8837921619415283,X1.0,"(72.09391758558833, -13)",2013-11-19 10:14:00
2014/10/18/HMI.m2014.10.18_05.00.00.jpg,0.6126704812049866,X1.1,"(-53.050388133493186, -13)",2014-10-19 04:17:00
2014/10/18/HMI.m2014.10.18_06.00.00.jpg,0.5276256799697876,X1.1,"(-53.050388133493186, -13)",2014-10-19 04:17:00
2014/10/18/HMI.m2014.10.18_07.00.00.jpg,0.553638756275177,X1.1,"(-53.050388133493186, -13)",2014-10-19 04:17:00
2014/10/18/HMI.m2014.10.18_08.00.00.jpg,0.5950271487236023,X1.1,"(-53.050388133493186, -13)",2014-10-19 04:17:00
2014/10/18/HMI.m2014.10.18_09.00.00.jpg,0.5980778932571411,X1.1,"(-53.050388133493186, -13)",2014-10-19 04:17:00
2014/10/18/HMI.m2014.10.18_10.00.00.jpg,0.6067980527877808,X1.1,"(-53.050388133493186, -13)",2014-10-19 04:17:00
2014/10/18/HMI.m2014.10.18_11.00.00.jpg,0.6084983944892883,X1.1,"(-53.050388133493186, -13)",2014-10-19 04:17:00
2014/10/18/HMI.m2014.10.18_12.00.00.jpg,0.6184170246124268,X1.1,"(-53.050388133493186, -13)",2014-10-19 04:17:00
2014/10/18/HMI.m2014.10.18_13.00.00.jpg,0.6522743105888367,X1.1,"(-53.050388133493186, -13)",2014-10-19 04:17:00
2014/10/18/HMI.m2014.10.18_14.00.00.jpg,0.732750415802002,X1.1,"(-53.050388133493186, -13)",2014-10-19 04:17:00
2014/10/18/HMI.m2014.10.18_15.00.00.jpg,0.7660422325134277,X1.1,"(-53.050388133493186, -13)",2014-10-19 04:17:00
2014/10/18/HMI.m2014.10.18_16.00.00.jpg,0.803379237651825,X1.1,"(-53.050388133493186, -13)",2014-10-19 04:17:00
2014/10/18/HMI.m2014.10.18_17.00.00.jpg,0.8324183225631714,X1.1,"(-53.050388133493186, -13)",2014-10-19 04:17:00
2014/10/18/HMI.m2014.10.18_18.00.00.jpg,0.8436329960823059,X1.1,"(-53.050388133493186, -13)",2014-10-19 04:17:00
2014/10/18/HMI.m2014.10.18_19.00.00.jpg,0.8648546934127808,X1.1,"(-53.050388133493186, -13)",2014-10-19 04:17:00
2014/10/18/HMI.m2014.10.18_20.00.00.jpg,0.8687291741371155,X1.1,"(-53.050388133493186, -13)",2014-10-19 04:17:00
2014/10/18/HMI.m2014.10.18_21.00.00.jpg,0.8698752522468567,X1.1,"(-53.050388133493186, -13)",2014-10-19 04:17:00
2014/10/18/HMI.m2014.10.18_22.00.00.jpg,0.8591271638870239,X1.1,"(-53.050388133493186, -13)",2014-10-19 04:17:00
2014/10/18/HMI.m2014.10.18_23.00.00.jpg,0.8748239278793335,X1.1,"(-53.050388133493186, -13)",2014-10-19 04:17:00
2014/10/19/HMI.m2014.10.19_00.00.00.jpg,0.9101703763008118,X1.1,"(-53.050388133493186, -13)",2014-10-19 04:17:00
2014/10/19/HMI.m2014.10.19_01.00.00.jpg,0.8951919078826904,X1.1,"(-53.050388133493186, -13)",2014-10-19 04:17:00
2014/10/19/HMI.m2014.10.19_02.00.00.jpg,0.8935327529907227,X1.1,"(-53.050388133493186, -13)",2014-10-19 04:17:00
2014/10/19/HMI.m2014.10.19_03.00.00.jpg,0.9019097685813904,X1.1,"(-53.050388133493186, -13)",2014-10-19 04:17:00
2014/10/19/HMI.m2014.10.19_04.00.00.jpg,0.8977227807044983,X1.1,"(-53.050388133493186, -13)",2014-10-19 04:17:00
2014/10/21/HMI.m2014.10.21_15.00.00.jpg,0.9828718900680542,X1.6,"(-13, -14)",2014-10-22 14:02:00
2014/10/21/HMI.m2014.10.21_16.00.00.jpg,0.9804375767707824,X1.6,"(-13, -14)",2014-10-22 14:02:00
2014/10/21/HMI.m2014.10.21_17.00.00.jpg,0.9775955677032472,X1.6,"(-13, -14)",2014-10-22 14:02:00
2014/10/21/HMI.m2014.10.21_18.00.00.jpg,0.9650286436080932,X1.6,"(-13, -14)",2014-10-22 14:02:00
2014/10/21/HMI.m2014.10.21_19.00.00.jpg,0.953146517276764,X1.6,"(-13, -14)",2014-10-22 14:02:00
2014/10/21/HMI.m2014.10.21_20.00.00.jpg,0.9619086384773254,X1.6,"(-13, -14)",2014-10-22 14:02:00
2014/10/21/HMI.m2014.10.21_21.00.00.jpg,0.9714686870574952,X1.6,"(-13, -14)",2014-10-22 14:02:00
2014/10/21/HMI.m2014.10.21_22.00.00.jpg,0.9570286870002748,X1.6,"(-13, -14)",2014-10-22 14:02:00
2014/10/21/HMI.m2014.10.21_23.00.00.jpg,0.9416800141334534,X1.6,"(-13, -14)",2014-10-22 14:02:00
2014/10/22/HMI.m2014.10.22_00.00.00.jpg,0.9716498851776124,X1.6,"(-13, -14)",2014-10-22 14:02:00
2014/10/22/HMI.m2014.10.22_01.00.00.jpg,0.9655165672302246,X1.6,"(-13, -14)",2014-10-22 14:02:00
2014/10/22/HMI.m2014.10.22_02.00.00.jpg,0.9812426567077636,X1.6,"(-13, -14)",2014-10-22 14:02:00
2014/10/22/HMI.m2014.10.22_03.00.00.jpg,0.9736050963401794,X1.6,"(-13, -14)",2014-10-22 14:02:00
2014/10/22/HMI.m2014.10.22_04.00.00.jpg,0.9774379730224608,X1.6,"(-13, -14)",2014-10-22 14:02:00
2014/10/22/HMI.m2014.10.22_05.00.00.jpg,0.9578964710235596,X1.6,"(-13, -14)",2014-10-22 14:02:00
2014/10/22/HMI.m2014.10.22_06.00.00.jpg,0.9654480218887328,X1.6,"(-13, -14)",2014-10-22 14:02:00
2014/10/22/HMI.m2014.10.22_07.00.00.jpg,0.9428253173828124,X1.6,"(-13, -14)",2014-10-22 14:02:00
2014/10/22/HMI.m2014.10.22_08.00.00.jpg,0.9477283358573914,X1.6,"(-13, -14)",2014-10-22 14:02:00
2014/10/22/HMI.m2014.10.22_09.00.00.jpg,0.9559763073921204,X1.6,"(-13, -14)",2014-10-22 14:02:00
2014/10/22/HMI.m2014.10.22_10.00.00.jpg,0.9629106521606444,X1.6,"(-13, -14)",2014-10-22 14:02:00
2014/10/22/HMI.m2014.10.22_11.00.00.jpg,0.9618682861328124,X1.6,"(-13, -14)",2014-10-22 14:02:00
2014/10/22/HMI.m2014.10.22_12.00.00.jpg,0.9623980522155762,X1.6,"(-13, -14)",2014-10-22 14:02:00
2014/10/22/HMI.m2014.10.22_13.00.00.jpg,0.9486499428749084,X1.6,"(-13, -14)",2014-10-22 14:02:00
2014/10/22/HMI.m2014.10.22_14.00.00.jpg,0.9657361507415771,X1.6,"(-13, -14)",2014-10-22 14:02:00
2014/10/23/HMI.m2014.10.23_22.00.00.jpg,0.9147183895111084,X3.1,"(21, -16)",2014-10-24 21:07:00
2014/10/23/HMI.m2014.10.23_23.00.00.jpg,0.939010202884674,X3.1,"(21, -16)",2014-10-24 21:07:00
2014/10/24/HMI.m2014.10.24_00.00.00.jpg,0.9373120069503784,X3.1,"(21, -16)",2014-10-24 21:07:00
2014/10/24/HMI.m2014.10.24_01.00.00.jpg,0.9533918499946594,X3.1,"(21, -16)",2014-10-24 21:07:00
2014/10/24/HMI.m2014.10.24_02.00.00.jpg,0.953667163848877,X3.1,"(21, -16)",2014-10-24 21:07:00
2014/10/24/HMI.m2014.10.24_03.00.00.jpg,0.9381263852119446,X3.1,"(21, -16)",2014-10-24 21:07:00
2014/10/24/HMI.m2014.10.24_04.00.00.jpg,0.9493603706359864,X3.1,"(21, -16)",2014-10-24 21:07:00
2014/10/24/HMI.m2014.10.24_05.00.00.jpg,0.94362074136734,X3.1,"(21, -16)",2014-10-24 21:07:00
2014/10/24/HMI.m2014.10.24_06.00.00.jpg,0.9441062808036804,X3.1,"(21, -16)",2014-10-24 21:07:00
2014/10/24/HMI.m2014.10.24_07.00.00.jpg,0.9415661692619324,X3.1,"(21, -16)",2014-10-24 21:07:00
2014/10/24/HMI.m2014.10.24_08.00.00.jpg,0.9630920886993408,X3.1,"(21, -16)",2014-10-24 21:07:00
2014/10/24/HMI.m2014.10.24_09.00.00.jpg,0.9484778046607972,X3.1,"(21, -16)",2014-10-24 21:07:00
2014/10/24/HMI.m2014.10.24_10.00.00.jpg,0.9661254286766052,X3.1,"(21, -16)",2014-10-24 21:07:00
2014/10/24/HMI.m2014.10.24_11.00.00.jpg,0.9816795587539672,X3.1,"(21, -16)",2014-10-24 21:07:00
2014/10/24/HMI.m2014.10.24_12.00.00.jpg,0.9766634106636048,X3.1,"(21, -16)",2014-10-24 21:07:00
2014/10/24/HMI.m2014.10.24_13.00.00.jpg,0.965319275856018,X3.1,"(21, -16)",2014-10-24 21:07:00
2014/10/24/HMI.m2014.10.24_14.00.00.jpg,0.9664960503578186,X3.1,"(21, -16)",2014-10-24 21:07:00
2014/10/24/HMI.m2014.10.24_15.00.00.jpg,0.9763569235801696,X3.1,"(21, -16)",2014-10-24 21:07:00
2014/10/24/HMI.m2014.10.24_16.00.00.jpg,0.9683790802955629,X3.1,"(21, -16)",2014-10-24 21:07:00
2014/10/24/HMI.m2014.10.24_17.00.00.jpg,0.9651221036911012,X3.1,"(21, -16)",2014-10-24 21:07:00
2014/10/24/HMI.m2014.10.24_18.00.00.jpg,0.9410906434059144,X3.1,"(21, -16)",2014-10-24 21:07:00
2014/10/24/HMI.m2014.10.24_19.00.00.jpg,0.943544864654541,X3.1,"(21, -16)",2014-10-24 21:07:00
2014/10/24/HMI.m2014.10.24_20.00.00.jpg,0.9075382947921752,X3.1,"(21, -16)",2014-10-24 21:07:00
2014/10/24/HMI.m2014.10.24_21.00.00.jpg,0.9380297660827636,X3.1,"(21, -16)",2014-10-24 21:07:00
2014/10/24/HMI.m2014.10.24_22.00.00.jpg,0.9549248218536376,X1.0,"(31, -16)",2014-10-25 16:55:00
2014/10/24/HMI.m2014.10.24_23.00.00.jpg,0.9536565542221068,X1.0,"(31, -16)",2014-10-25 16:55:00
2014/10/25/HMI.m2014.10.25_00.00.00.jpg,0.9604570865631104,X1.0,"(31, -16)",2014-10-25 16:55:00
2014/10/25/HMI.m2014.10.25_01.00.00.jpg,0.9523049592971802,X1.0,"(31, -16)",2014-10-25 16:55:00
2014/10/25/HMI.m2014.10.25_02.00.00.jpg,0.941997230052948,X1.0,"(31, -16)",2014-10-25 16:55:00
2014/10/25/HMI.m2014.10.25_03.00.00.jpg,0.9497061371803284,X1.0,"(31, -16)",2014-10-25 16:55:00
2014/10/25/HMI.m2014.10.25_04.00.00.jpg,0.9558361172676086,X1.0,"(31, -16)",2014-10-25 16:55:00
2014/10/25/HMI.m2014.10.25_05.00.00.jpg,0.9549438953399658,X1.0,"(31, -16)",2014-10-25 16:55:00
2014/10/25/HMI.m2014.10.25_06.00.00.jpg,0.9576358795166016,X1.0,"(31, -16)",2014-10-25 16:55:00
2014/10/25/HMI.m2014.10.25_07.00.00.jpg,0.9577797651290894,X1.0,"(31, -16)",2014-10-25 16:55:00
2014/10/25/HMI.m2014.10.25_08.00.00.jpg,0.9718132019042968,X1.0,"(31, -16)",2014-10-25 16:55:00
2014/10/25/HMI.m2014.10.25_09.00.00.jpg,0.9741448760032654,X1.0,"(31, -16)",2014-10-25 16:55:00
2014/10/25/HMI.m2014.10.25_10.00.00.jpg,0.969752550125122,X1.0,"(31, -16)",2014-10-25 16:55:00
2014/10/25/HMI.m2014.10.25_11.00.00.jpg,0.967331051826477,X2.0,"(40, -18)",2014-10-26 10:04:00
2014/10/25/HMI.m2014.10.25_12.00.00.jpg,0.9493563771247864,X2.0,"(40, -18)",2014-10-26 10:04:00
2014/10/25/HMI.m2014.10.25_13.00.00.jpg,0.9598132967948914,X2.0,"(40, -18)",2014-10-26 10:04:00
2014/10/25/HMI.m2014.10.25_14.00.00.jpg,0.9702337384223938,X2.0,"(40, -18)",2014-10-26 10:04:00
2014/10/25/HMI.m2014.10.25_15.00.00.jpg,0.9718695282936096,X2.0,"(40, -18)",2014-10-26 10:04:00
2014/10/25/HMI.m2014.10.25_16.00.00.jpg,0.9609954357147216,X2.0,"(40, -18)",2014-10-26 10:04:00
2014/10/25/HMI.m2014.10.25_17.00.00.jpg,0.957336127758026,X2.0,"(40, -18)",2014-10-26 10:04:00
2014/10/25/HMI.m2014.10.25_18.00.00.jpg,0.9611418843269348,X2.0,"(40, -18)",2014-10-26 10:04:00
2014/10/25/HMI.m2014.10.25_19.00.00.jpg,0.966160774230957,X2.0,"(40, -18)",2014-10-26 10:04:00
2014/10/25/HMI.m2014.10.25_20.00.00.jpg,0.9610860347747804,X2.0,"(40, -18)",2014-10-26 10:04:00
2014/10/25/HMI.m2014.10.25_21.00.00.jpg,0.9247226119041444,X2.0,"(40, -18)",2014-10-26 10:04:00
2014/10/25/HMI.m2014.10.25_22.00.00.jpg,0.9541097283363342,X2.0,"(40, -18)",2014-10-26 10:04:00
2014/10/25/HMI.m2014.10.25_23.00.00.jpg,0.9422415494918824,X2.0,"(40, -18)",2014-10-26 10:04:00
2014/10/26/HMI.m2014.10.26_00.00.00.jpg,0.9490423202514648,X2.0,"(40, -18)",2014-10-26 10:04:00
2014/10/26/HMI.m2014.10.26_01.00.00.jpg,0.94947612285614,X2.0,"(40, -18)",2014-10-26 10:04:00
2014/10/26/HMI.m2014.10.26_02.00.00.jpg,0.9449689984321594,X2.0,"(40, -18)",2014-10-26 10:04:00
2014/10/26/HMI.m2014.10.26_03.00.00.jpg,0.9513304233551024,X2.0,"(40, -18)",2014-10-26 10:04:00
2014/10/26/HMI.m2014.10.26_04.00.00.jpg,0.9560827612876892,X2.0,"(40, -18)",2014-10-26 10:04:00
2014/10/26/HMI.m2014.10.26_05.00.00.jpg,0.9576566815376282,X2.0,"(40, -18)",2014-10-26 10:04:00
2014/10/26/HMI.m2014.10.26_06.00.00.jpg,0.9720458388328552,X2.0,"(40, -18)",2014-10-26 10:04:00
2014/10/26/HMI.m2014.10.26_07.00.00.jpg,0.9717006087303162,X2.0,"(40, -18)",2014-10-26 10:04:00
2014/10/26/HMI.m2014.10.26_08.00.00.jpg,0.9500197768211364,X2.0,"(40, -18)",2014-10-26 10:04:00
2014/10/26/HMI.m2014.10.26_09.00.00.jpg,0.970569372177124,X2.0,"(40, -18)",2014-10-26 10:04:00
2014/10/26/HMI.m2014.10.26_10.00.00.jpg,0.9681764245033264,X2.0,"(40, -18)",2014-10-26 10:04:00
2014/10/26/HMI.m2014.10.26_15.00.00.jpg,0.9685003757476808,X2.0,"(52, -17)",2014-10-27 14:12:00
2014/10/26/HMI.m2014.10.26_16.00.00.jpg,0.9624843001365662,X2.0,"(52, -17)",2014-10-27 14:12:00
2014/10/26/HMI.m2014.10.26_17.00.00.jpg,0.9684289693832396,X2.0,"(52, -17)",2014-10-27 14:12:00
2014/10/26/HMI.m2014.10.26_18.00.00.jpg,0.9652332663536072,X2.0,"(52, -17)",2014-10-27 14:12:00
2014/10/26/HMI.m2014.10.26_19.00.00.jpg,0.9701927900314332,X2.0,"(52, -17)",2014-10-27 14:12:00
2014/10/26/HMI.m2014.10.26_20.00.00.jpg,0.9595975279808044,X2.0,"(52, -17)",2014-10-27 14:12:00
2014/10/26/HMI.m2014.10.26_21.00.00.jpg,0.9600778222084044,X2.0,"(52, -17)",2014-10-27 14:12:00
2014/10/26/HMI.m2014.10.26_22.00.00.jpg,0.9664422869682312,X2.0,"(52, -17)",2014-10-27 14:12:00
2014/10/26/HMI.m2014.10.26_23.00.00.jpg,0.9714978337287904,X2.0,"(52, -17)",2014-10-27 14:12:00
2014/10/27/HMI.m2014.10.27_00.00.00.jpg,0.9673768281936646,X2.0,"(52, -17)",2014-10-27 14:12:00
2014/10/27/HMI.m2014.10.27_01.00.00.jpg,0.9647361040115356,X2.0,"(52, -17)",2014-10-27 14:12:00
2014/10/27/HMI.m2014.10.27_02.00.00.jpg,0.9700660109519958,X2.0,"(52, -17)",2014-10-27 14:12:00
2014/10/27/HMI.m2014.10.27_03.00.00.jpg,0.9765636920928956,X2.0,"(52, -17)",2014-10-27 14:12:00
2014/10/27/HMI.m2014.10.27_04.00.00.jpg,0.9735289812088012,X2.0,"(52, -17)",2014-10-27 14:12:00
2014/10/27/HMI.m2014.10.27_05.00.00.jpg,0.9837107062339784,X2.0,"(52, -17)",2014-10-27 14:12:00
2014/10/27/HMI.m2014.10.27_06.00.00.jpg,0.9645861387252808,X2.0,"(52, -17)",2014-10-27 14:12:00
2014/10/27/HMI.m2014.10.27_07.00.00.jpg,0.9685114622116088,X2.0,"(52, -17)",2014-10-27 14:12:00
2014/10/27/HMI.m2014.10.27_08.00.00.jpg,0.9740182161331176,X2.0,"(52, -17)",2014-10-27 14:12:00
2014/10/27/HMI.m2014.10.27_09.00.00.jpg,0.9686246514320374,X2.0,"(52, -17)",2014-10-27 14:12:00
2014/10/27/HMI.m2014.10.27_10.00.00.jpg,0.9705401062965392,X2.0,"(52, -17)",2014-10-27 14:12:00
2014/10/27/HMI.m2014.10.27_11.00.00.jpg,0.9606238007545472,X2.0,"(52, -17)",2014-10-27 14:12:00
2014/10/27/HMI.m2014.10.27_12.00.00.jpg,0.9657950401306152,X2.0,"(52, -17)",2014-10-27 14:12:00
2014/10/27/HMI.m2014.10.27_13.00.00.jpg,0.9580419063568116,X2.0,"(52, -17)",2014-10-27 14:12:00
2014/10/27/HMI.m2014.10.27_14.00.00.jpg,0.968057096004486,X2.0,"(52, -17)",2014-10-27 14:12:00
2014/11/07/HMI.m2014.11.07_07.00.00.jpg,0.7116357088088989,X1.6,"(-35.82660911000654, 15)",2014-11-07 16:53:00
2014/11/07/HMI.m2014.11.07_08.00.00.jpg,0.7800712585449219,X1.6,"(-35.82660911000654, 15)",2014-11-07 16:53:00
2014/11/07/HMI.m2014.11.07_09.00.00.jpg,0.7587180733680725,X1.6,"(-35.82660911000654, 15)",2014-11-07 16:53:00
2014/11/07/HMI.m2014.11.07_10.00.00.jpg,0.7851308584213257,X1.6,"(-35.82660911000654, 15)",2014-11-07 16:53:00
2014/11/07/HMI.m2014.11.07_11.00.00.jpg,0.8307682275772095,X1.6,"(-35.82660911000654, 15)",2014-11-07 16:53:00
2014/11/07/HMI.m2014.11.07_12.00.00.jpg,0.8020911812782288,X1.6,"(-35.82660911000654, 15)",2014-11-07 16:53:00
2014/11/07/HMI.m2014.11.07_13.00.00.jpg,0.7440558671951294,X1.6,"(-35.82660911000654, 15)",2014-11-07 16:53:00
2014/11/07/HMI.m2014.11.07_14.00.00.jpg,0.7923068404197693,X1.6,"(-35.82660911000654, 15)",2014-11-07 16:53:00
2014/11/07/HMI.m2014.11.07_15.00.00.jpg,0.763004720211029,X1.6,"(-35.82660911000654, 15)",2014-11-07 16:53:00
2014/11/07/HMI.m2014.11.07_16.00.00.jpg,0.7174232602119446,X1.6,"(-35.82660911000654, 15)",2014-11-07 16:53:00
2014/12/19/HMI.m2014.12.19_01.00.00.jpg,0.9898061156272888,X1.8,"(24, -21)",2014-12-20 00:11:00
2014/12/19/HMI.m2014.12.19_02.00.00.jpg,0.9864407181739808,X1.8,"(24, -21)",2014-12-20 00:11:00
2014/12/19/HMI.m2014.12.19_03.00.00.jpg,0.9915567636489868,X1.8,"(24, -21)",2014-12-20 00:11:00
2014/12/19/HMI.m2014.12.19_04.00.00.jpg,0.98798406124115,X1.8,"(24, -21)",2014-12-20 00:11:00
2014/12/19/HMI.m2014.12.19_05.00.00.jpg,0.98963063955307,X1.8,"(24, -21)",2014-12-20 00:11:00
2014/12/19/HMI.m2014.12.19_06.00.00.jpg,0.9905542731285096,X1.8,"(24, -21)",2014-12-20 00:11:00
2014/12/19/HMI.m2014.12.19_07.00.00.jpg,0.9916146993637084,X1.8,"(24, -21)",2014-12-20 00:11:00
2014/12/19/HMI.m2014.12.19_08.00.00.jpg,0.9921620488166808,X1.8,"(24, -21)",2014-12-20 00:11:00
2014/12/19/HMI.m2014.12.19_09.00.00.jpg,0.987278938293457,X1.8,"(24, -21)",2014-12-20 00:11:00
2014/12/19/HMI.m2014.12.19_10.00.00.jpg,0.986877977848053,X1.8,"(24, -21)",2014-12-20 00:11:00
2014/12/19/HMI.m2014.12.19_11.00.00.jpg,0.9898679256439208,X1.8,"(24, -21)",2014-12-20 00:11:00
2014/12/19/HMI.m2014.12.19_12.00.00.jpg,0.9875613451004028,X1.8,"(24, -21)",2014-12-20 00:11:00
2014/12/19/HMI.m2014.12.19_13.00.00.jpg,0.988097846508026,X1.8,"(24, -21)",2014-12-20 00:11:00
2014/12/19/HMI.m2014.12.19_14.00.00.jpg,0.9835905432701112,X1.8,"(24, -21)",2014-12-20 00:11:00
2014/12/19/HMI.m2014.12.19_15.00.00.jpg,0.9881949424743652,X1.8,"(24, -21)",2014-12-20 00:11:00
2014/12/19/HMI.m2014.12.19_16.00.00.jpg,0.99013090133667,X1.8,"(24, -21)",2014-12-20 00:11:00
2014/12/19/HMI.m2014.12.19_17.00.00.jpg,0.9845528602600098,X1.8,"(24, -21)",2014-12-20 00:11:00
2014/12/19/HMI.m2014.12.19_18.00.00.jpg,0.9838336110115052,X1.8,"(24, -21)",2014-12-20 00:11:00
2014/12/19/HMI.m2014.12.19_19.00.00.jpg,0.982994556427002,X1.8,"(24, -21)",2014-12-20 00:11:00
2014/12/19/HMI.m2014.12.19_20.00.00.jpg,0.9808130860328674,X1.8,"(24, -21)",2014-12-20 00:11:00
2014/12/19/HMI.m2014.12.19_21.00.00.jpg,0.9892994165420532,X1.8,"(24, -21)",2014-12-20 00:11:00
2014/12/19/HMI.m2014.12.19_22.00.00.jpg,0.985806941986084,X1.8,"(24, -21)",2014-12-20 00:11:00
2014/12/19/HMI.m2014.12.19_23.00.00.jpg,0.9786174297332764,X1.8,"(24, -21)",2014-12-20 00:11:00
2014/12/20/HMI.m2014.12.20_00.00.00.jpg,0.9872831106185912,X1.8,"(24, -21)",2014-12-20 00:11:00
